steps_today,avg_last_7_days,days_goal_reached_last_7,trend,recommendation_type
4969,12852,4,-7883,LIGHT_WALK
14044,9774,0,4270,HOME_WORKOUT
12437,9682,5,2755,RECOVERY_DAY
3753,1999,7,1754,MODERATE_WALK
12853,7476,3,5377,HOME_WORKOUT
6775,5310,3,1465,MODERATE_WALK
8227,9631,7,-1404,RECOVERY_DAY
13139,7073,0,6066,HOME_WORKOUT
7743,9155,4,-1412,HOME_WORKOUT
6006,5272,4,734,MODERATE_WALK
10577,3183,1,7394,HOME_WORKOUT
13687,10852,4,2835,HOME_WORKOUT
5777,13922,7,-8145,LIGHT_WALK
6892,7720,0,-828,MODERATE_WALK
12779,2926,5,9853,HOME_WORKOUT
550,4088,3,-3538,LIGHT_WALK
7411,9593,5,-2182,RECOVERY_DAY
5729,3875,7,1854,MODERATE_WALK
7538,6643,5,895,HOME_WORKOUT
8793,6069,0,2724,HOME_WORKOUT
9028,8956,4,72,HOME_WORKOUT
10007,2135,7,7872,HOME_WORKOUT
3664,3872,7,-208,MODERATE_WALK
5544,12879,3,-7335,LIGHT_WALK
13771,1673,5,12098,HOME_WORKOUT
7271,5161,0,2110,HOME_WORKOUT
8362,11794,6,-3432,RECOVERY_DAY
8714,6141,0,2573,HOME_WORKOUT
4876,6584,1,-1708,LIGHT_WALK
10075,4363,3,5712,HOME_WORKOUT
5829,12695,3,-6866,LIGHT_WALK
8020,8431,2,-411,HOME_WORKOUT
997,8426,6,-7429,LIGHT_WALK
708,1314,2,-606,LIGHT_WALK
10106,4240,5,5866,HOME_WORKOUT
8225,9127,4,-902,HOME_WORKOUT
1297,6072,5,-4775,LIGHT_WALK
8443,6117,1,2326,HOME_WORKOUT
7587,9824,6,-2237,RECOVERY_DAY
10509,2138,7,8371,HOME_WORKOUT
1421,7192,0,-5771,LIGHT_WALK
2964,3817,6,-853,LIGHT_WALK
10111,5787,5,4324,HOME_WORKOUT
2466,5463,5,-2997,LIGHT_WALK
3279,10603,3,-7324,LIGHT_WALK
1321,3497,4,-2176,LIGHT_WALK
11652,9382,7,2270,RECOVERY_DAY
5360,5850,4,-490,MODERATE_WALK
1899,5036,0,-3137,LIGHT_WALK
832,9985,1,-9153,LIGHT_WALK
10574,11009,0,-435,HOME_WORKOUT
7955,1229,0,6726,HOME_WORKOUT
12947,2118,4,10829,HOME_WORKOUT
1089,4715,3,-3626,LIGHT_WALK
655,10647,5,-9992,LIGHT_WALK
13276,7107,1,6169,HOME_WORKOUT
3339,13072,7,-9733,LIGHT_WALK
3037,8517,5,-5480,LIGHT_WALK
6717,13395,0,-6678,LIGHT_WALK
2443,6181,5,-3738,LIGHT_WALK
9654,4046,3,5608,HOME_WORKOUT
13109,5569,4,7540,HOME_WORKOUT
7957,12619,7,-4662,RECOVERY_DAY
13275,5530,2,7745,HOME_WORKOUT
13912,13468,5,444,RECOVERY_DAY
14243,6617,2,7626,HOME_WORKOUT
13949,8415,5,5534,HOME_WORKOUT
12534,2837,3,9697,HOME_WORKOUT
10068,7760,1,2308,HOME_WORKOUT
14994,10458,5,4536,RECOVERY_DAY
1667,13189,0,-11522,LIGHT_WALK
2789,9023,7,-6234,LIGHT_WALK
13929,4508,3,9421,HOME_WORKOUT
6901,13134,5,-6233,LIGHT_WALK
13558,11802,4,1756,HOME_WORKOUT
8689,12948,3,-4259,HOME_WORKOUT
3271,2894,7,377,MODERATE_WALK
14166,1181,5,12985,HOME_WORKOUT
2708,12004,5,-9296,LIGHT_WALK
10374,4944,6,5430,HOME_WORKOUT
3884,1570,6,2314,MODERATE_WALK
12904,7201,4,5703,HOME_WORKOUT
13347,7442,5,5905,HOME_WORKOUT
1314,12071,6,-10757,LIGHT_WALK
5003,10653,5,-5650,LIGHT_WALK
9110,1012,7,8098,HOME_WORKOUT
12568,4775,0,7793,HOME_WORKOUT
13811,9727,6,4084,RECOVERY_DAY
6468,10149,4,-3681,LIGHT_WALK
4431,9670,6,-5239,LIGHT_WALK
6430,12178,4,-5748,LIGHT_WALK
11559,9037,4,2522,HOME_WORKOUT
8770,10202,4,-1432,HOME_WORKOUT
1590,8194,3,-6604,LIGHT_WALK
10309,4787,6,5522,HOME_WORKOUT
8732,11956,0,-3224,HOME_WORKOUT
8985,4779,2,4206,HOME_WORKOUT
3406,3918,1,-512,MODERATE_WALK
13468,10570,5,2898,RECOVERY_DAY
11980,8670,3,3310,HOME_WORKOUT
11296,4437,6,6859,HOME_WORKOUT
7174,7494,7,-320,HOME_WORKOUT
12492,1676,1,10816,HOME_WORKOUT
830,7145,6,-6315,LIGHT_WALK
12208,6009,5,6199,HOME_WORKOUT
1820,13119,2,-11299,LIGHT_WALK
6179,2321,6,3858,MODERATE_WALK
13787,3336,0,10451,HOME_WORKOUT
11943,2732,2,9211,HOME_WORKOUT
3593,3872,0,-279,MODERATE_WALK
13154,1841,0,11313,HOME_WORKOUT
3493,13708,4,-10215,LIGHT_WALK
3790,1792,1,1998,MODERATE_WALK
4914,13029,1,-8115,LIGHT_WALK
6701,3079,4,3622,MODERATE_WALK
2561,6151,3,-3590,LIGHT_WALK
3607,12322,0,-8715,LIGHT_WALK
7091,8719,1,-1628,HOME_WORKOUT
5817,4722,2,1095,MODERATE_WALK
6113,5567,0,546,MODERATE_WALK
10233,1570,7,8663,HOME_WORKOUT
9604,9193,2,411,HOME_WORKOUT
14967,12177,4,2790,HOME_WORKOUT
7977,11258,2,-3281,HOME_WORKOUT
3590,2581,1,1009,MODERATE_WALK
5326,4194,5,1132,MODERATE_WALK
6724,3459,2,3265,MODERATE_WALK
9111,5352,4,3759,HOME_WORKOUT
5482,13798,5,-8316,LIGHT_WALK
4110,7608,1,-3498,LIGHT_WALK
10976,7419,6,3557,HOME_WORKOUT
10162,10858,5,-696,RECOVERY_DAY
7635,12994,1,-5359,HOME_WORKOUT
2280,1831,5,449,LIGHT_WALK
7824,6036,6,1788,HOME_WORKOUT
10690,7056,5,3634,HOME_WORKOUT
11683,13540,4,-1857,HOME_WORKOUT
9290,8690,2,600,HOME_WORKOUT
6128,4347,4,1781,MODERATE_WALK
7203,3863,7,3340,HOME_WORKOUT
7861,9223,6,-1362,RECOVERY_DAY
3660,1226,1,2434,MODERATE_WALK
843,2853,3,-2010,LIGHT_WALK
12210,10512,3,1698,HOME_WORKOUT
1016,6152,5,-5136,LIGHT_WALK
6484,6810,6,-326,MODERATE_WALK
9166,1732,3,7434,HOME_WORKOUT
7701,9514,7,-1813,RECOVERY_DAY
9373,11742,5,-2369,RECOVERY_DAY
13394,4091,5,9303,HOME_WORKOUT
4345,12275,3,-7930,LIGHT_WALK
1154,4543,4,-3389,LIGHT_WALK
11002,2365,1,8637,HOME_WORKOUT
10229,8645,7,1584,HOME_WORKOUT
2764,4820,2,-2056,LIGHT_WALK
11621,1427,4,10194,HOME_WORKOUT
11369,8885,4,2484,HOME_WORKOUT
14231,4890,0,9341,HOME_WORKOUT
12585,2814,6,9771,HOME_WORKOUT
14800,10436,7,4364,RECOVERY_DAY
5091,7843,3,-2752,LIGHT_WALK
9355,1112,0,8243,HOME_WORKOUT
5795,9510,3,-3715,LIGHT_WALK
14955,2840,0,12115,HOME_WORKOUT
3441,2422,7,1019,MODERATE_WALK
4431,9230,6,-4799,LIGHT_WALK
14179,2925,6,11254,HOME_WORKOUT
6644,7200,5,-556,MODERATE_WALK
14129,10457,4,3672,HOME_WORKOUT
4121,3093,7,1028,MODERATE_WALK
13914,10891,1,3023,HOME_WORKOUT
10005,8100,6,1905,HOME_WORKOUT
824,13714,0,-12890,LIGHT_WALK
716,8478,5,-7762,LIGHT_WALK
6374,2378,1,3996,MODERATE_WALK
13919,1858,3,12061,HOME_WORKOUT
6423,5463,3,960,MODERATE_WALK
13753,3698,4,10055,HOME_WORKOUT
7672,12591,1,-4919,HOME_WORKOUT
11216,7287,0,3929,HOME_WORKOUT
9242,5492,6,3750,HOME_WORKOUT
13706,7235,5,6471,HOME_WORKOUT
4650,9492,0,-4842,LIGHT_WALK
10091,7682,5,2409,HOME_WORKOUT
11012,3188,2,7824,HOME_WORKOUT
1160,3586,1,-2426,LIGHT_WALK
672,13420,6,-12748,LIGHT_WALK
2986,8748,4,-5762,LIGHT_WALK
6415,7507,1,-1092,MODERATE_WALK
2808,4873,3,-2065,LIGHT_WALK
10165,11699,4,-1534,HOME_WORKOUT
10234,8473,1,1761,HOME_WORKOUT
2288,11644,7,-9356,LIGHT_WALK
818,13387,1,-12569,LIGHT_WALK
14409,9334,3,5075,HOME_WORKOUT
11478,9376,6,2102,RECOVERY_DAY
13281,3150,4,10131,HOME_WORKOUT
7508,3349,4,4159,HOME_WORKOUT
4578,9827,1,-5249,LIGHT_WALK
561,8641,4,-8080,LIGHT_WALK
7587,2216,1,5371,HOME_WORKOUT
7064,11679,2,-4615,HOME_WORKOUT
8095,2490,1,5605,HOME_WORKOUT
2068,4432,7,-2364,LIGHT_WALK
14737,1142,0,13595,HOME_WORKOUT
706,9293,7,-8587,LIGHT_WALK
2286,1198,5,1088,LIGHT_WALK
2409,2781,1,-372,LIGHT_WALK
4326,8196,5,-3870,LIGHT_WALK
14553,11704,1,2849,HOME_WORKOUT
6166,12922,2,-6756,LIGHT_WALK
5948,6209,5,-261,MODERATE_WALK
6678,11393,0,-4715,LIGHT_WALK
11786,7024,5,4762,HOME_WORKOUT
7636,5181,1,2455,HOME_WORKOUT
4096,8220,2,-4124,LIGHT_WALK
3218,8567,7,-5349,LIGHT_WALK
3936,6738,5,-2802,LIGHT_WALK
3073,2564,7,509,MODERATE_WALK
3247,5924,1,-2677,LIGHT_WALK
10046,5432,0,4614,HOME_WORKOUT
8519,2960,2,5559,HOME_WORKOUT
6625,12294,1,-5669,LIGHT_WALK
9898,9245,2,653,HOME_WORKOUT
14792,1737,7,13055,HOME_WORKOUT
1468,9946,2,-8478,LIGHT_WALK
8000,8606,2,-606,HOME_WORKOUT
14640,4821,6,9819,HOME_WORKOUT
6791,10230,6,-3439,LIGHT_WALK
13072,3225,6,9847,HOME_WORKOUT
12261,5924,7,6337,HOME_WORKOUT
7107,12800,6,-5693,RECOVERY_DAY
11310,10998,4,312,HOME_WORKOUT
6414,6952,1,-538,MODERATE_WALK
9733,3072,0,6661,HOME_WORKOUT
2004,10747,5,-8743,LIGHT_WALK
5721,1218,5,4503,MODERATE_WALK
633,10828,7,-10195,LIGHT_WALK
8531,3310,0,5221,HOME_WORKOUT
4649,11583,2,-6934,LIGHT_WALK
4694,2620,6,2074,MODERATE_WALK
7822,1230,5,6592,HOME_WORKOUT
666,3090,3,-2424,LIGHT_WALK
14233,1188,4,13045,HOME_WORKOUT
3630,1787,2,1843,MODERATE_WALK
10268,9875,4,393,HOME_WORKOUT
666,2519,2,-1853,LIGHT_WALK
9420,3661,4,5759,HOME_WORKOUT
725,9341,7,-8616,LIGHT_WALK
5007,1301,7,3706,MODERATE_WALK
11928,8708,2,3220,HOME_WORKOUT
13059,8644,1,4415,HOME_WORKOUT
8760,6235,6,2525,HOME_WORKOUT
7402,12661,6,-5259,RECOVERY_DAY
4249,7037,0,-2788,LIGHT_WALK
11482,5050,3,6432,HOME_WORKOUT
3174,1249,3,1925,MODERATE_WALK
4985,10354,2,-5369,LIGHT_WALK
10480,3277,5,7203,HOME_WORKOUT
3815,13381,2,-9566,LIGHT_WALK
5641,3740,7,1901,MODERATE_WALK
13033,11712,3,1321,HOME_WORKOUT
3435,11244,7,-7809,LIGHT_WALK
12370,8263,2,4107,HOME_WORKOUT
4091,11332,6,-7241,LIGHT_WALK
849,6172,3,-5323,LIGHT_WALK
1547,5258,5,-3711,LIGHT_WALK
6578,7869,1,-1291,MODERATE_WALK
7318,9665,5,-2347,RECOVERY_DAY
1451,1584,3,-133,LIGHT_WALK
3261,1904,7,1357,MODERATE_WALK
13186,7670,0,5516,HOME_WORKOUT
8804,4966,2,3838,HOME_WORKOUT
13471,10979,2,2492,HOME_WORKOUT
8900,10390,3,-1490,HOME_WORKOUT
11815,9510,7,2305,RECOVERY_DAY
8442,10936,6,-2494,RECOVERY_DAY
10015,11705,0,-1690,HOME_WORKOUT
9172,9734,0,-562,HOME_WORKOUT
9940,7287,6,2653,HOME_WORKOUT
11888,12330,4,-442,HOME_WORKOUT
2242,9651,4,-7409,LIGHT_WALK
7059,8570,7,-1511,HOME_WORKOUT
7510,6117,4,1393,HOME_WORKOUT
2506,12980,0,-10474,LIGHT_WALK
5350,4521,0,829,MODERATE_WALK
1201,1545,5,-344,LIGHT_WALK
1680,6908,7,-5228,LIGHT_WALK
9019,11407,2,-2388,HOME_WORKOUT
6556,8279,3,-1723,LIGHT_WALK
3544,1101,7,2443,MODERATE_WALK
4760,13179,5,-8419,LIGHT_WALK
2828,4641,5,-1813,LIGHT_WALK
5675,5613,5,62,MODERATE_WALK
2836,7730,1,-4894,LIGHT_WALK
9709,2130,1,7579,HOME_WORKOUT
5149,10143,7,-4994,LIGHT_WALK
2628,6448,3,-3820,LIGHT_WALK
9458,5078,1,4380,HOME_WORKOUT
12705,10025,4,2680,HOME_WORKOUT
12553,6349,2,6204,HOME_WORKOUT
13210,4477,2,8733,HOME_WORKOUT
4338,11361,2,-7023,LIGHT_WALK
6282,2331,2,3951,MODERATE_WALK
11823,2976,2,8847,HOME_WORKOUT
8249,3914,5,4335,HOME_WORKOUT
1304,13823,7,-12519,LIGHT_WALK
9517,5580,1,3937,HOME_WORKOUT
6688,5102,4,1586,MODERATE_WALK
3922,8677,1,-4755,LIGHT_WALK
3543,6096,2,-2553,LIGHT_WALK
623,7192,0,-6569,LIGHT_WALK
8771,8817,4,-46,HOME_WORKOUT
3369,6717,4,-3348,LIGHT_WALK
11598,6150,6,5448,HOME_WORKOUT
5078,1499,1,3579,MODERATE_WALK
11650,2885,2,8765,HOME_WORKOUT
2147,1160,4,987,LIGHT_WALK
11325,12053,3,-728,HOME_WORKOUT
6669,8733,5,-2064,LIGHT_WALK
10896,3429,4,7467,HOME_WORKOUT
12785,3289,3,9496,HOME_WORKOUT
10914,8847,3,2067,HOME_WORKOUT
13020,12822,0,198,HOME_WORKOUT
13409,11662,0,1747,HOME_WORKOUT
12916,3877,0,9039,HOME_WORKOUT
5504,3619,7,1885,MODERATE_WALK
4807,9226,5,-4419,LIGHT_WALK
1285,11846,3,-10561,LIGHT_WALK
13325,1372,3,11953,HOME_WORKOUT
9617,8779,5,838,HOME_WORKOUT
12404,5191,6,7213,HOME_WORKOUT
1377,3812,0,-2435,LIGHT_WALK
5459,8958,4,-3499,LIGHT_WALK
10285,13189,7,-2904,RECOVERY_DAY
12646,5581,2,7065,HOME_WORKOUT
9528,7820,3,1708,HOME_WORKOUT
6617,11303,3,-4686,LIGHT_WALK
12879,6267,3,6612,HOME_WORKOUT
1368,12089,6,-10721,LIGHT_WALK
4543,11255,7,-6712,LIGHT_WALK
1076,10707,2,-9631,LIGHT_WALK
7237,9436,1,-2199,HOME_WORKOUT
1009,1138,1,-129,LIGHT_WALK
10222,12439,7,-2217,RECOVERY_DAY
3718,13364,0,-9646,LIGHT_WALK
5097,7968,4,-2871,LIGHT_WALK
12235,2435,5,9800,HOME_WORKOUT
1025,5935,5,-4910,LIGHT_WALK
13456,8327,2,5129,HOME_WORKOUT
8255,1102,5,7153,HOME_WORKOUT
11141,11393,6,-252,RECOVERY_DAY
7250,9516,5,-2266,RECOVERY_DAY
10121,6363,3,3758,HOME_WORKOUT
4084,13424,3,-9340,LIGHT_WALK
4433,1832,3,2601,MODERATE_WALK
11610,4075,2,7535,HOME_WORKOUT
7220,6356,1,864,HOME_WORKOUT
1883,7668,1,-5785,LIGHT_WALK
4637,5409,0,-772,MODERATE_WALK
14728,12105,1,2623,HOME_WORKOUT
3046,11219,5,-8173,LIGHT_WALK
7118,10027,0,-2909,HOME_WORKOUT
7242,9599,4,-2357,HOME_WORKOUT
2764,10656,2,-7892,LIGHT_WALK
4924,11449,6,-6525,LIGHT_WALK
5064,4268,1,796,MODERATE_WALK
6820,7621,1,-801,MODERATE_WALK
2869,2187,1,682,LIGHT_WALK
3510,6349,6,-2839,LIGHT_WALK
8865,7533,3,1332,HOME_WORKOUT
6554,13674,6,-7120,LIGHT_WALK
7289,5194,6,2095,HOME_WORKOUT
14596,2903,0,11693,HOME_WORKOUT
11697,10415,7,1282,RECOVERY_DAY
4220,3497,4,723,MODERATE_WALK
11980,9683,7,2297,RECOVERY_DAY
11668,4779,7,6889,HOME_WORKOUT
1459,2764,1,-1305,LIGHT_WALK
8124,2425,5,5699,HOME_WORKOUT
9043,2874,7,6169,HOME_WORKOUT
8108,10695,6,-2587,RECOVERY_DAY
10252,2058,5,8194,HOME_WORKOUT
2336,5148,7,-2812,LIGHT_WALK
4933,12624,6,-7691,LIGHT_WALK
6844,10440,6,-3596,LIGHT_WALK
5893,6546,3,-653,MODERATE_WALK
2958,6187,7,-3229,LIGHT_WALK
12585,10825,5,1760,RECOVERY_DAY
14256,12026,6,2230,RECOVERY_DAY
10723,4573,3,6150,HOME_WORKOUT
11855,12755,7,-900,RECOVERY_DAY
8915,3353,5,5562,HOME_WORKOUT
5945,9329,2,-3384,LIGHT_WALK
3751,5665,2,-1914,LIGHT_WALK
998,4149,4,-3151,LIGHT_WALK
7418,3943,2,3475,HOME_WORKOUT
7446,10128,7,-2682,RECOVERY_DAY
14390,2735,7,11655,HOME_WORKOUT
11983,5307,4,6676,HOME_WORKOUT
3081,2216,5,865,MODERATE_WALK
1520,7392,1,-5872,LIGHT_WALK
13000,6323,7,6677,HOME_WORKOUT
4506,12638,6,-8132,LIGHT_WALK
7325,1018,1,6307,HOME_WORKOUT
13398,7137,6,6261,HOME_WORKOUT
6928,6228,1,700,MODERATE_WALK
3243,13472,5,-10229,LIGHT_WALK
11891,5806,6,6085,HOME_WORKOUT
13063,10424,4,2639,HOME_WORKOUT
4368,5185,5,-817,MODERATE_WALK
4236,12192,7,-7956,LIGHT_WALK
550,13012,2,-12462,LIGHT_WALK
1877,11914,5,-10037,LIGHT_WALK
7593,2189,3,5404,HOME_WORKOUT
7586,13018,2,-5432,HOME_WORKOUT
11831,8809,5,3022,HOME_WORKOUT
4437,6490,5,-2053,LIGHT_WALK
2582,11684,3,-9102,LIGHT_WALK
6381,11425,0,-5044,LIGHT_WALK
12163,7117,5,5046,HOME_WORKOUT
2140,8648,0,-6508,LIGHT_WALK
4833,12598,7,-7765,LIGHT_WALK
6845,8793,0,-1948,LIGHT_WALK
10520,6729,7,3791,HOME_WORKOUT
6362,12738,1,-6376,LIGHT_WALK
14715,9908,0,4807,HOME_WORKOUT
5748,10699,4,-4951,LIGHT_WALK
10209,8963,6,1246,HOME_WORKOUT
7845,9179,5,-1334,RECOVERY_DAY
11153,10137,3,1016,HOME_WORKOUT
3301,6627,3,-3326,LIGHT_WALK
900,10897,4,-9997,LIGHT_WALK
12982,4541,2,8441,HOME_WORKOUT
12061,12900,7,-839,RECOVERY_DAY
10218,5350,7,4868,HOME_WORKOUT
7460,7070,6,390,HOME_WORKOUT
3445,3539,2,-94,MODERATE_WALK
5446,3935,5,1511,MODERATE_WALK
11193,8282,1,2911,HOME_WORKOUT
1731,1953,1,-222,LIGHT_WALK
5083,8056,7,-2973,LIGHT_WALK
10708,10758,5,-50,RECOVERY_DAY
9198,3192,4,6006,HOME_WORKOUT
2858,11088,3,-8230,LIGHT_WALK
9008,3003,3,6005,HOME_WORKOUT
2300,1735,3,565,LIGHT_WALK
8432,3943,4,4489,HOME_WORKOUT
11118,7430,0,3688,HOME_WORKOUT
7991,1567,6,6424,HOME_WORKOUT
5369,1621,5,3748,MODERATE_WALK
6673,8592,5,-1919,LIGHT_WALK
4476,4096,1,380,MODERATE_WALK
5226,3820,4,1406,MODERATE_WALK
12874,10910,1,1964,HOME_WORKOUT
9112,6203,2,2909,HOME_WORKOUT
6529,8621,3,-2092,LIGHT_WALK
10268,12500,4,-2232,HOME_WORKOUT
12404,7501,5,4903,HOME_WORKOUT
7993,6676,3,1317,HOME_WORKOUT
9546,5008,1,4538,HOME_WORKOUT
2349,12665,3,-10316,LIGHT_WALK
8610,3062,1,5548,HOME_WORKOUT
5563,5273,5,290,MODERATE_WALK
594,9492,5,-8898,LIGHT_WALK
2948,4795,7,-1847,LIGHT_WALK
11561,3183,2,8378,HOME_WORKOUT
14451,2780,3,11671,HOME_WORKOUT
10018,12178,5,-2160,RECOVERY_DAY
5436,5879,4,-443,MODERATE_WALK
12218,8737,1,3481,HOME_WORKOUT
3762,9412,3,-5650,LIGHT_WALK
3126,8124,1,-4998,LIGHT_WALK
13389,8671,1,4718,HOME_WORKOUT
9504,12797,6,-3293,RECOVERY_DAY
3359,4981,4,-1622,LIGHT_WALK
11927,2189,7,9738,HOME_WORKOUT
14859,5036,4,9823,HOME_WORKOUT
14923,13859,1,1064,HOME_WORKOUT
12657,5298,2,7359,HOME_WORKOUT
1070,5899,4,-4829,LIGHT_WALK
8715,5497,0,3218,HOME_WORKOUT
4680,13740,0,-9060,LIGHT_WALK
13947,12707,3,1240,HOME_WORKOUT
14278,7831,2,6447,HOME_WORKOUT
1487,7836,2,-6349,LIGHT_WALK
3020,2740,1,280,MODERATE_WALK
9850,1302,6,8548,HOME_WORKOUT
9198,3941,6,5257,HOME_WORKOUT
1539,5324,7,-3785,LIGHT_WALK
8995,3447,4,5548,HOME_WORKOUT
7281,11071,5,-3790,RECOVERY_DAY
7109,1521,3,5588,HOME_WORKOUT
4648,4127,1,521,MODERATE_WALK
1890,4091,5,-2201,LIGHT_WALK
12016,9904,0,2112,HOME_WORKOUT
8757,11168,5,-2411,RECOVERY_DAY
14932,9934,1,4998,HOME_WORKOUT
12487,12458,2,29,HOME_WORKOUT
14745,7355,2,7390,HOME_WORKOUT
12991,6492,5,6499,HOME_WORKOUT
6308,7907,6,-1599,LIGHT_WALK
6461,13452,6,-6991,LIGHT_WALK
3077,1357,7,1720,MODERATE_WALK
12882,12882,5,0,RECOVERY_DAY
1311,5325,3,-4014,LIGHT_WALK
10716,5592,5,5124,HOME_WORKOUT
8358,10203,5,-1845,RECOVERY_DAY
5846,7477,5,-1631,LIGHT_WALK
939,6905,4,-5966,LIGHT_WALK
14120,3573,3,10547,HOME_WORKOUT
2618,11641,1,-9023,LIGHT_WALK
8216,7348,5,868,HOME_WORKOUT
11912,1215,4,10697,HOME_WORKOUT
10302,5519,1,4783,HOME_WORKOUT
9260,10058,0,-798,HOME_WORKOUT
6573,8764,2,-2191,LIGHT_WALK
2867,8704,6,-5837,LIGHT_WALK
6439,11174,7,-4735,LIGHT_WALK
8257,9918,0,-1661,HOME_WORKOUT
10288,13944,6,-3656,RECOVERY_DAY
12709,5658,3,7051,HOME_WORKOUT
2748,8237,1,-5489,LIGHT_WALK
12826,11296,4,1530,HOME_WORKOUT
7944,4551,7,3393,HOME_WORKOUT
5845,12175,2,-6330,LIGHT_WALK
514,9000,5,-8486,LIGHT_WALK
5815,10632,0,-4817,LIGHT_WALK
4201,1607,6,2594,MODERATE_WALK
13864,13539,0,325,HOME_WORKOUT
12373,13928,7,-1555,RECOVERY_DAY
1032,4960,4,-3928,LIGHT_WALK
4760,7563,1,-2803,LIGHT_WALK
1238,10127,7,-8889,LIGHT_WALK
14746,10749,3,3997,HOME_WORKOUT
7077,12103,5,-5026,RECOVERY_DAY
4550,8438,2,-3888,LIGHT_WALK
4313,6438,4,-2125,LIGHT_WALK
4655,10248,1,-5593,LIGHT_WALK
8221,7055,5,1166,HOME_WORKOUT
8207,6102,1,2105,HOME_WORKOUT
9081,11141,5,-2060,RECOVERY_DAY
1865,5217,6,-3352,LIGHT_WALK
4358,4233,2,125,MODERATE_WALK
6245,4217,4,2028,MODERATE_WALK
4682,6197,1,-1515,LIGHT_WALK
659,8024,5,-7365,LIGHT_WALK
7142,3755,3,3387,HOME_WORKOUT
5528,1613,4,3915,MODERATE_WALK
6430,9142,7,-2712,LIGHT_WALK
9560,8966,5,594,HOME_WORKOUT
10769,13504,5,-2735,RECOVERY_DAY
2162,7538,6,-5376,LIGHT_WALK
11381,10756,7,625,RECOVERY_DAY
5307,10929,6,-5622,LIGHT_WALK
6748,3155,2,3593,MODERATE_WALK
11761,10677,3,1084,HOME_WORKOUT
9934,2668,3,7266,HOME_WORKOUT
7859,3177,7,4682,HOME_WORKOUT
12398,5220,1,7178,HOME_WORKOUT
13364,6757,6,6607,HOME_WORKOUT
12314,3698,5,8616,HOME_WORKOUT
14883,10367,6,4516,RECOVERY_DAY
14493,5340,3,9153,HOME_WORKOUT
8949,11811,0,-2862,HOME_WORKOUT
12595,12177,2,418,HOME_WORKOUT
2178,8262,2,-6084,LIGHT_WALK
10916,11769,7,-853,RECOVERY_DAY
10511,6193,5,4318,HOME_WORKOUT
10344,7295,2,3049,HOME_WORKOUT
7370,12267,2,-4897,HOME_WORKOUT
6141,6504,3,-363,MODERATE_WALK
1358,4019,7,-2661,LIGHT_WALK
10213,5126,5,5087,HOME_WORKOUT
13416,11396,7,2020,RECOVERY_DAY
3370,6831,0,-3461,LIGHT_WALK
601,3140,6,-2539,LIGHT_WALK
10513,1805,3,8708,HOME_WORKOUT
13150,13866,7,-716,RECOVERY_DAY
2651,9217,5,-6566,LIGHT_WALK
7582,10168,5,-2586,RECOVERY_DAY
2952,9182,5,-6230,LIGHT_WALK
10012,7798,5,2214,HOME_WORKOUT
14926,10041,4,4885,HOME_WORKOUT
6621,13751,1,-7130,LIGHT_WALK
12803,2269,3,10534,HOME_WORKOUT
8150,3002,1,5148,HOME_WORKOUT
815,7170,0,-6355,LIGHT_WALK
5995,10821,1,-4826,LIGHT_WALK
13182,5465,3,7717,HOME_WORKOUT
13594,8902,6,4692,HOME_WORKOUT
10824,3336,1,7488,HOME_WORKOUT
11263,4224,4,7039,HOME_WORKOUT
9967,3655,3,6312,HOME_WORKOUT
1291,12358,4,-11067,LIGHT_WALK
1207,11892,0,-10685,LIGHT_WALK
9767,6222,6,3545,HOME_WORKOUT
13891,4380,0,9511,HOME_WORKOUT
3357,9048,7,-5691,LIGHT_WALK
5742,4354,5,1388,MODERATE_WALK
11667,3012,1,8655,HOME_WORKOUT
890,9697,5,-8807,LIGHT_WALK
10105,5351,7,4754,HOME_WORKOUT
4777,5189,6,-412,MODERATE_WALK
7512,9567,3,-2055,HOME_WORKOUT
10364,12810,5,-2446,RECOVERY_DAY
4898,4631,6,267,MODERATE_WALK
12319,4218,2,8101,HOME_WORKOUT
9563,13408,5,-3845,RECOVERY_DAY
14648,9846,2,4802,HOME_WORKOUT
4727,12555,2,-7828,LIGHT_WALK
10389,10004,6,385,RECOVERY_DAY
1222,3761,7,-2539,LIGHT_WALK
9105,4171,4,4934,HOME_WORKOUT
14547,10138,1,4409,HOME_WORKOUT
2484,13250,6,-10766,LIGHT_WALK
3496,9760,0,-6264,LIGHT_WALK
13194,7104,2,6090,HOME_WORKOUT
14030,13876,1,154,HOME_WORKOUT
998,6271,2,-5273,LIGHT_WALK
2138,6345,3,-4207,LIGHT_WALK
6302,7678,0,-1376,MODERATE_WALK
14961,9951,4,5010,HOME_WORKOUT
7353,13918,3,-6565,HOME_WORKOUT
12120,1938,7,10182,HOME_WORKOUT
4196,12187,1,-7991,LIGHT_WALK
11626,12004,5,-378,RECOVERY_DAY
8089,4706,3,3383,HOME_WORKOUT
4120,6370,5,-2250,LIGHT_WALK
12818,6610,1,6208,HOME_WORKOUT
6786,10541,4,-3755,LIGHT_WALK
2295,1564,3,731,LIGHT_WALK
11926,11208,7,718,RECOVERY_DAY
7510,6777,5,733,HOME_WORKOUT
4478,7795,1,-3317,LIGHT_WALK
4303,12354,1,-8051,LIGHT_WALK
14093,11310,4,2783,HOME_WORKOUT
13872,2538,7,11334,HOME_WORKOUT
9318,8278,7,1040,HOME_WORKOUT
3345,5453,3,-2108,LIGHT_WALK
1469,10820,2,-9351,LIGHT_WALK
12554,8496,1,4058,HOME_WORKOUT
10362,8568,3,1794,HOME_WORKOUT
2754,9400,1,-6646,LIGHT_WALK
739,3517,7,-2778,LIGHT_WALK
10308,7837,3,2471,HOME_WORKOUT
8294,4798,5,3496,HOME_WORKOUT
3334,5550,2,-2216,LIGHT_WALK
10500,8889,4,1611,HOME_WORKOUT
8896,12284,0,-3388,HOME_WORKOUT
7976,7438,4,538,HOME_WORKOUT
13945,11954,6,1991,RECOVERY_DAY
4276,10036,6,-5760,LIGHT_WALK
2364,10828,5,-8464,LIGHT_WALK
13765,12284,0,1481,HOME_WORKOUT
14928,13318,7,1610,RECOVERY_DAY
12774,1611,0,11163,HOME_WORKOUT
1403,11749,6,-10346,LIGHT_WALK
3524,8768,2,-5244,LIGHT_WALK
7955,2092,5,5863,HOME_WORKOUT
864,9302,5,-8438,LIGHT_WALK
14365,3435,3,10930,HOME_WORKOUT
13595,10578,7,3017,RECOVERY_DAY
10830,13702,5,-2872,RECOVERY_DAY
13872,7909,1,5963,HOME_WORKOUT
11052,6007,7,5045,HOME_WORKOUT
14382,5669,1,8713,HOME_WORKOUT
12965,9948,6,3017,RECOVERY_DAY
1064,13150,3,-12086,LIGHT_WALK
10816,13956,0,-3140,HOME_WORKOUT
941,4628,0,-3687,LIGHT_WALK
11419,10828,4,591,HOME_WORKOUT
7567,13159,7,-5592,RECOVERY_DAY
1187,3229,1,-2042,LIGHT_WALK
2019,8408,0,-6389,LIGHT_WALK
9539,11773,2,-2234,HOME_WORKOUT
13080,10981,7,2099,RECOVERY_DAY
610,7426,3,-6816,LIGHT_WALK
13479,2310,4,11169,HOME_WORKOUT
2968,5241,6,-2273,LIGHT_WALK
10442,6435,6,4007,HOME_WORKOUT
7605,12276,3,-4671,HOME_WORKOUT
5925,10366,2,-4441,LIGHT_WALK
9014,6765,4,2249,HOME_WORKOUT
14636,6138,4,8498,HOME_WORKOUT
3156,9301,2,-6145,LIGHT_WALK
14738,3825,2,10913,HOME_WORKOUT
14955,5817,2,9138,HOME_WORKOUT
10974,2690,0,8284,HOME_WORKOUT
9783,5492,2,4291,HOME_WORKOUT
11288,7676,4,3612,HOME_WORKOUT
7626,1472,7,6154,HOME_WORKOUT
10813,13034,5,-2221,RECOVERY_DAY
6151,9028,3,-2877,LIGHT_WALK
4362,11669,3,-7307,LIGHT_WALK
10423,3136,1,7287,HOME_WORKOUT
3521,2009,7,1512,MODERATE_WALK
14316,9828,1,4488,HOME_WORKOUT
7860,6219,2,1641,HOME_WORKOUT
14961,1858,6,13103,HOME_WORKOUT
7217,6201,0,1016,HOME_WORKOUT
14938,10237,3,4701,HOME_WORKOUT
2469,11600,3,-9131,LIGHT_WALK
12735,5778,4,6957,HOME_WORKOUT
9252,8895,2,357,HOME_WORKOUT
1347,12419,6,-11072,LIGHT_WALK
8051,10988,5,-2937,RECOVERY_DAY
1052,2163,5,-1111,LIGHT_WALK
11770,11508,5,262,RECOVERY_DAY
5533,8983,4,-3450,LIGHT_WALK
823,1453,1,-630,LIGHT_WALK
6819,10193,0,-3374,LIGHT_WALK
12047,12225,2,-178,HOME_WORKOUT
10887,4980,4,5907,HOME_WORKOUT
2178,1142,0,1036,LIGHT_WALK
13411,6990,7,6421,HOME_WORKOUT
7737,8224,2,-487,HOME_WORKOUT
10637,11082,0,-445,HOME_WORKOUT
13038,2591,1,10447,HOME_WORKOUT
1990,6391,2,-4401,LIGHT_WALK
5440,10763,5,-5323,LIGHT_WALK
916,11741,0,-10825,LIGHT_WALK
9459,3894,2,5565,HOME_WORKOUT
14204,5251,2,8953,HOME_WORKOUT
13409,6318,5,7091,HOME_WORKOUT
7583,11404,1,-3821,HOME_WORKOUT
1369,6552,3,-5183,LIGHT_WALK
13116,1536,3,11580,HOME_WORKOUT
12505,6657,6,5848,HOME_WORKOUT
14593,5094,6,9499,HOME_WORKOUT
3222,9865,7,-6643,LIGHT_WALK
1734,1482,2,252,LIGHT_WALK
1274,9209,0,-7935,LIGHT_WALK
10161,7860,4,2301,HOME_WORKOUT
2465,3975,7,-1510,LIGHT_WALK
9083,9251,4,-168,HOME_WORKOUT
1356,6157,6,-4801,LIGHT_WALK
9555,11205,1,-1650,HOME_WORKOUT
7159,12381,4,-5222,HOME_WORKOUT
14663,3023,2,11640,HOME_WORKOUT
4083,3458,2,625,MODERATE_WALK
2710,3285,5,-575,LIGHT_WALK
8285,10435,3,-2150,HOME_WORKOUT
5775,3650,5,2125,MODERATE_WALK
4672,6474,0,-1802,LIGHT_WALK
6860,5338,7,1522,MODERATE_WALK
4720,10802,5,-6082,LIGHT_WALK
1082,1612,1,-530,LIGHT_WALK
6645,10738,7,-4093,LIGHT_WALK
5865,1004,5,4861,MODERATE_WALK
3433,8963,2,-5530,LIGHT_WALK
5658,7588,1,-1930,LIGHT_WALK
3820,2525,1,1295,MODERATE_WALK
11506,5448,2,6058,HOME_WORKOUT
4448,8387,1,-3939,LIGHT_WALK
11259,13652,6,-2393,RECOVERY_DAY
1052,12578,1,-11526,LIGHT_WALK
5607,5622,7,-15,MODERATE_WALK
10841,13088,6,-2247,RECOVERY_DAY
10555,9786,5,769,RECOVERY_DAY
4130,7898,3,-3768,LIGHT_WALK
1799,2941,3,-1142,LIGHT_WALK
4347,7251,2,-2904,LIGHT_WALK
1626,7316,6,-5690,LIGHT_WALK
14981,2479,7,12502,HOME_WORKOUT
7693,10924,7,-3231,RECOVERY_DAY
8335,5902,6,2433,HOME_WORKOUT
8541,10995,6,-2454,RECOVERY_DAY
14208,4561,2,9647,HOME_WORKOUT
4901,2976,3,1925,MODERATE_WALK
2027,4630,5,-2603,LIGHT_WALK
13692,7334,1,6358,HOME_WORKOUT
7350,9159,3,-1809,HOME_WORKOUT
8098,10647,6,-2549,RECOVERY_DAY
3671,2044,0,1627,MODERATE_WALK
5865,3219,0,2646,MODERATE_WALK
779,9045,6,-8266,LIGHT_WALK
14530,12946,3,1584,HOME_WORKOUT
3281,5238,2,-1957,LIGHT_WALK
3747,2413,0,1334,MODERATE_WALK
1404,8095,5,-6691,LIGHT_WALK
4789,8923,1,-4134,LIGHT_WALK
11466,9227,7,2239,RECOVERY_DAY
12114,3353,1,8761,HOME_WORKOUT
12829,11447,2,1382,HOME_WORKOUT
3404,12635,6,-9231,LIGHT_WALK
5276,13954,3,-8678,LIGHT_WALK
13717,13370,2,347,HOME_WORKOUT
6354,10156,0,-3802,LIGHT_WALK
2664,12574,2,-9910,LIGHT_WALK
5923,8898,1,-2975,LIGHT_WALK
9470,13273,0,-3803,HOME_WORKOUT
9176,6636,0,2540,HOME_WORKOUT
1778,4082,2,-2304,LIGHT_WALK
1982,2520,2,-538,LIGHT_WALK
3340,13666,3,-10326,LIGHT_WALK
8345,2952,6,5393,HOME_WORKOUT
14767,8135,7,6632,HOME_WORKOUT
13323,2929,6,10394,HOME_WORKOUT
5425,13878,5,-8453,LIGHT_WALK
4433,6777,1,-2344,LIGHT_WALK
13921,5738,0,8183,HOME_WORKOUT
7714,3724,2,3990,HOME_WORKOUT
4668,7649,3,-2981,LIGHT_WALK
14141,2529,7,11612,HOME_WORKOUT
8948,10706,0,-1758,HOME_WORKOUT
4147,12008,0,-7861,LIGHT_WALK
8618,4983,0,3635,HOME_WORKOUT
5221,7242,7,-2021,LIGHT_WALK
7611,3049,2,4562,HOME_WORKOUT
6490,2728,5,3762,MODERATE_WALK
6467,2259,3,4208,MODERATE_WALK
2924,6609,6,-3685,LIGHT_WALK
3083,6128,6,-3045,LIGHT_WALK
1965,10434,2,-8469,LIGHT_WALK
6055,1300,3,4755,MODERATE_WALK
5940,8983,4,-3043,LIGHT_WALK
12994,13665,4,-671,HOME_WORKOUT
3195,8099,4,-4904,LIGHT_WALK
9016,12206,4,-3190,HOME_WORKOUT
7045,2168,2,4877,HOME_WORKOUT
13810,1078,5,12732,HOME_WORKOUT
2884,13159,6,-10275,LIGHT_WALK
6663,5518,6,1145,MODERATE_WALK
3947,3584,3,363,MODERATE_WALK
8207,10851,0,-2644,HOME_WORKOUT
758,7917,4,-7159,LIGHT_WALK
4490,6840,1,-2350,LIGHT_WALK
13871,12110,0,1761,HOME_WORKOUT
1045,7381,4,-6336,LIGHT_WALK
4411,11105,2,-6694,LIGHT_WALK
12869,10882,0,1987,HOME_WORKOUT
13781,12299,4,1482,HOME_WORKOUT
14786,4910,2,9876,HOME_WORKOUT
4802,3278,3,1524,MODERATE_WALK
10365,3297,4,7068,HOME_WORKOUT
8380,3175,0,5205,HOME_WORKOUT
10580,5273,6,5307,HOME_WORKOUT
10383,9253,3,1130,HOME_WORKOUT
9607,2166,5,7441,HOME_WORKOUT
7630,9708,4,-2078,HOME_WORKOUT
805,5513,1,-4708,LIGHT_WALK
7287,8932,4,-1645,HOME_WORKOUT
9438,2509,5,6929,HOME_WORKOUT
2390,8269,3,-5879,LIGHT_WALK
12995,3516,0,9479,HOME_WORKOUT
918,2903,4,-1985,LIGHT_WALK
3416,13703,3,-10287,LIGHT_WALK
8278,7380,3,898,HOME_WORKOUT
14022,2039,5,11983,HOME_WORKOUT
10744,6483,7,4261,HOME_WORKOUT
2252,2147,0,105,LIGHT_WALK
9663,4266,5,5397,HOME_WORKOUT
3307,13999,3,-10692,LIGHT_WALK
10444,13287,6,-2843,RECOVERY_DAY
8682,3321,2,5361,HOME_WORKOUT
5257,10580,2,-5323,LIGHT_WALK
11356,8961,5,2395,HOME_WORKOUT
2801,2568,0,233,LIGHT_WALK
4818,8698,1,-3880,LIGHT_WALK
9687,3124,4,6563,HOME_WORKOUT
13056,7993,1,5063,HOME_WORKOUT
1972,5017,1,-3045,LIGHT_WALK
7117,10153,5,-3036,RECOVERY_DAY
13784,12130,4,1654,HOME_WORKOUT
6542,13746,0,-7204,LIGHT_WALK
10770,5034,4,5736,HOME_WORKOUT
13084,7590,6,5494,HOME_WORKOUT
3434,8101,0,-4667,LIGHT_WALK
7690,13200,3,-5510,HOME_WORKOUT
11499,5199,6,6300,HOME_WORKOUT
1095,2359,5,-1264,LIGHT_WALK
10892,7698,7,3194,HOME_WORKOUT
1424,7881,4,-6457,LIGHT_WALK
12095,8794,4,3301,HOME_WORKOUT
3869,8807,6,-4938,LIGHT_WALK
14386,4763,2,9623,HOME_WORKOUT
12977,12992,2,-15,HOME_WORKOUT
4430,2243,0,2187,MODERATE_WALK
1957,1075,6,882,LIGHT_WALK
7825,12947,6,-5122,RECOVERY_DAY
2284,4232,0,-1948,LIGHT_WALK
9811,13666,5,-3855,RECOVERY_DAY
1785,8014,7,-6229,LIGHT_WALK
8621,3871,0,4750,HOME_WORKOUT
6231,7892,2,-1661,LIGHT_WALK
3516,13671,3,-10155,LIGHT_WALK
12190,9394,2,2796,HOME_WORKOUT
12496,12312,6,184,RECOVERY_DAY
3993,2430,4,1563,MODERATE_WALK
5811,11079,3,-5268,LIGHT_WALK
7273,5719,0,1554,HOME_WORKOUT
8177,8172,1,5,HOME_WORKOUT
12552,9065,5,3487,RECOVERY_DAY
1183,7866,3,-6683,LIGHT_WALK
5380,6872,0,-1492,MODERATE_WALK
11566,8513,6,3053,HOME_WORKOUT
4191,5867,0,-1676,LIGHT_WALK
5487,3489,4,1998,MODERATE_WALK
8219,7534,3,685,HOME_WORKOUT
11438,11162,6,276,RECOVERY_DAY
11334,4717,2,6617,HOME_WORKOUT
11950,2729,5,9221,HOME_WORKOUT
11976,4173,1,7803,HOME_WORKOUT
14415,4886,2,9529,HOME_WORKOUT
4090,8760,4,-4670,LIGHT_WALK
14443,12530,6,1913,RECOVERY_DAY
3484,2015,4,1469,MODERATE_WALK
8683,5521,1,3162,HOME_WORKOUT
11166,13687,3,-2521,HOME_WORKOUT
13449,5470,2,7979,HOME_WORKOUT
13690,10383,4,3307,HOME_WORKOUT
2471,10806,0,-8335,LIGHT_WALK
11680,3812,5,7868,HOME_WORKOUT
1769,2209,0,-440,LIGHT_WALK
3581,6098,1,-2517,LIGHT_WALK
6841,8341,3,-1500,MODERATE_WALK
9918,4592,2,5326,HOME_WORKOUT
5469,6222,1,-753,MODERATE_WALK
11500,11408,5,92,RECOVERY_DAY
12106,6895,6,5211,HOME_WORKOUT
7334,1245,6,6089,HOME_WORKOUT
14433,12217,3,2216,HOME_WORKOUT
9689,8970,4,719,HOME_WORKOUT
6002,8669,1,-2667,LIGHT_WALK
5289,11662,5,-6373,LIGHT_WALK
14054,9442,5,4612,RECOVERY_DAY
937,10358,3,-9421,LIGHT_WALK
14254,12973,1,1281,HOME_WORKOUT
10287,11851,0,-1564,HOME_WORKOUT
11623,7281,3,4342,HOME_WORKOUT
5640,13044,2,-7404,LIGHT_WALK
7340,4912,7,2428,HOME_WORKOUT
1940,4440,5,-2500,LIGHT_WALK
4301,3240,0,1061,MODERATE_WALK
12600,5706,1,6894,HOME_WORKOUT
6731,7799,5,-1068,MODERATE_WALK
993,4683,5,-3690,LIGHT_WALK
14847,8180,1,6667,HOME_WORKOUT
7515,13911,6,-6396,RECOVERY_DAY
6362,10153,3,-3791,LIGHT_WALK
9564,6074,0,3490,HOME_WORKOUT
8798,5093,5,3705,HOME_WORKOUT
9552,3954,3,5598,HOME_WORKOUT
8794,12882,5,-4088,RECOVERY_DAY
9879,3616,0,6263,HOME_WORKOUT
3759,11186,2,-7427,LIGHT_WALK
2010,9355,5,-7345,LIGHT_WALK
1847,11419,5,-9572,LIGHT_WALK
7324,12776,4,-5452,HOME_WORKOUT
14012,10632,2,3380,HOME_WORKOUT
7758,12823,2,-5065,HOME_WORKOUT
13438,13358,5,80,RECOVERY_DAY
8263,9310,7,-1047,RECOVERY_DAY
1064,9849,6,-8785,LIGHT_WALK
9592,1702,1,7890,HOME_WORKOUT
1695,2179,3,-484,LIGHT_WALK
996,12228,1,-11232,LIGHT_WALK
1798,10301,5,-8503,LIGHT_WALK
10611,6348,1,4263,HOME_WORKOUT
13030,3749,5,9281,HOME_WORKOUT
1828,4279,1,-2451,LIGHT_WALK
8980,12563,0,-3583,HOME_WORKOUT
10738,5534,7,5204,HOME_WORKOUT
3170,12525,1,-9355,LIGHT_WALK
9340,4051,2,5289,HOME_WORKOUT
6512,2240,2,4272,MODERATE_WALK
6491,6727,2,-236,MODERATE_WALK
6275,4026,2,2249,MODERATE_WALK
2541,12309,1,-9768,LIGHT_WALK
5180,4579,7,601,MODERATE_WALK
14773,4087,1,10686,HOME_WORKOUT
13846,7029,6,6817,HOME_WORKOUT
3895,13079,7,-9184,LIGHT_WALK
2812,10386,3,-7574,LIGHT_WALK
1940,7827,5,-5887,LIGHT_WALK
12115,12955,4,-840,HOME_WORKOUT
4177,2924,7,1253,MODERATE_WALK
11734,1106,6,10628,HOME_WORKOUT
4676,11960,7,-7284,LIGHT_WALK
3807,6826,2,-3019,LIGHT_WALK
14858,2230,6,12628,HOME_WORKOUT
4864,7670,2,-2806,LIGHT_WALK
10596,12894,7,-2298,RECOVERY_DAY
10548,7158,1,3390,HOME_WORKOUT
5065,13697,7,-8632,LIGHT_WALK
2351,6617,1,-4266,LIGHT_WALK
1577,5782,6,-4205,LIGHT_WALK
10452,11536,3,-1084,HOME_WORKOUT
3528,1027,5,2501,MODERATE_WALK
3129,9741,2,-6612,LIGHT_WALK
9384,4619,5,4765,HOME_WORKOUT
4333,6488,3,-2155,LIGHT_WALK
6483,1391,5,5092,MODERATE_WALK
6575,5024,2,1551,MODERATE_WALK
10941,1187,1,9754,HOME_WORKOUT
4864,4688,3,176,MODERATE_WALK
12662,1482,4,11180,HOME_WORKOUT
8837,7594,4,1243,HOME_WORKOUT
6203,9274,3,-3071,LIGHT_WALK
14093,6371,6,7722,HOME_WORKOUT
2436,8117,1,-5681,LIGHT_WALK
5320,1167,7,4153,MODERATE_WALK
13705,12702,6,1003,RECOVERY_DAY
13449,10148,2,3301,HOME_WORKOUT
5109,13483,7,-8374,LIGHT_WALK
1644,4131,4,-2487,LIGHT_WALK
2708,11792,3,-9084,LIGHT_WALK
5717,13430,1,-7713,LIGHT_WALK
1193,1581,7,-388,LIGHT_WALK
8085,6449,4,1636,HOME_WORKOUT
10891,9151,7,1740,RECOVERY_DAY
5332,4876,5,456,MODERATE_WALK
5657,6928,6,-1271,MODERATE_WALK
811,11021,6,-10210,LIGHT_WALK
3823,3046,2,777,MODERATE_WALK
2697,2210,0,487,LIGHT_WALK
10131,9383,4,748,HOME_WORKOUT
14737,9895,0,4842,HOME_WORKOUT
9826,13495,2,-3669,HOME_WORKOUT
12057,4091,1,7966,HOME_WORKOUT
13714,4924,7,8790,HOME_WORKOUT
3668,10527,3,-6859,LIGHT_WALK
11667,7593,6,4074,HOME_WORKOUT
12326,4607,0,7719,HOME_WORKOUT
2350,1970,5,380,LIGHT_WALK
11705,11835,5,-130,RECOVERY_DAY
4018,9348,7,-5330,LIGHT_WALK
13155,13137,7,18,RECOVERY_DAY
14738,8082,3,6656,HOME_WORKOUT
8126,8931,2,-805,HOME_WORKOUT
6009,8508,4,-2499,LIGHT_WALK
4245,13031,4,-8786,LIGHT_WALK
12993,12797,1,196,HOME_WORKOUT
5715,3589,1,2126,MODERATE_WALK
754,10532,7,-9778,LIGHT_WALK
3269,9616,5,-6347,LIGHT_WALK
8253,1700,5,6553,HOME_WORKOUT
7390,4560,5,2830,HOME_WORKOUT
5429,7079,3,-1650,LIGHT_WALK
11471,5601,0,5870,HOME_WORKOUT
11417,12256,2,-839,HOME_WORKOUT
13495,5882,6,7613,HOME_WORKOUT
10705,11901,3,-1196,HOME_WORKOUT
12413,4465,2,7948,HOME_WORKOUT
10668,7567,2,3101,HOME_WORKOUT
8988,4577,2,4411,HOME_WORKOUT
3570,10020,0,-6450,LIGHT_WALK
5236,7697,1,-2461,LIGHT_WALK
4003,8445,2,-4442,LIGHT_WALK
10801,4735,3,6066,HOME_WORKOUT
10147,12222,0,-2075,HOME_WORKOUT
13115,7203,1,5912,HOME_WORKOUT
9304,6218,2,3086,HOME_WORKOUT
11242,3582,6,7660,HOME_WORKOUT
6813,4271,5,2542,MODERATE_WALK
4046,1662,2,2384,MODERATE_WALK
11003,2977,4,8026,HOME_WORKOUT
4942,5933,0,-991,MODERATE_WALK
11725,8953,2,2772,HOME_WORKOUT
9257,10222,5,-965,RECOVERY_DAY
3706,1361,5,2345,MODERATE_WALK
3561,7632,5,-4071,LIGHT_WALK
1366,7707,7,-6341,LIGHT_WALK
1914,2192,6,-278,LIGHT_WALK
12555,1212,0,11343,HOME_WORKOUT
2830,8925,2,-6095,LIGHT_WALK
5524,11450,1,-5926,LIGHT_WALK
974,11546,3,-10572,LIGHT_WALK
8250,12744,0,-4494,HOME_WORKOUT
7191,2422,3,4769,HOME_WORKOUT
12852,13206,4,-354,HOME_WORKOUT
6622,11907,4,-5285,LIGHT_WALK
2539,2632,3,-93,LIGHT_WALK
10756,4847,5,5909,HOME_WORKOUT
10745,9145,3,1600,HOME_WORKOUT
11469,9056,0,2413,HOME_WORKOUT
7052,1362,1,5690,HOME_WORKOUT
13552,12964,6,588,RECOVERY_DAY
4168,4006,0,162,MODERATE_WALK
2140,7595,1,-5455,LIGHT_WALK
4997,2724,4,2273,MODERATE_WALK
8780,3763,0,5017,HOME_WORKOUT
9611,10813,3,-1202,HOME_WORKOUT
8814,2261,2,6553,HOME_WORKOUT
9212,10985,3,-1773,HOME_WORKOUT
8032,5537,6,2495,HOME_WORKOUT
609,11148,4,-10539,LIGHT_WALK
936,6078,1,-5142,LIGHT_WALK
12693,9314,7,3379,RECOVERY_DAY
8373,7010,1,1363,HOME_WORKOUT
9400,2353,5,7047,HOME_WORKOUT
2781,10578,1,-7797,LIGHT_WALK
11126,13104,5,-1978,RECOVERY_DAY
10765,3172,6,7593,HOME_WORKOUT
869,1401,1,-532,LIGHT_WALK
6923,9714,2,-2791,LIGHT_WALK
13710,5521,6,8189,HOME_WORKOUT
1018,2705,4,-1687,LIGHT_WALK
13150,3299,7,9851,HOME_WORKOUT
1579,10303,7,-8724,LIGHT_WALK
6246,5212,6,1034,MODERATE_WALK
10012,11553,2,-1541,HOME_WORKOUT
8030,4130,7,3900,HOME_WORKOUT
7769,6683,5,1086,HOME_WORKOUT
14837,13814,7,1023,RECOVERY_DAY
14179,3280,2,10899,HOME_WORKOUT
5334,13558,5,-8224,LIGHT_WALK
5931,9771,3,-3840,LIGHT_WALK
11813,10592,2,1221,HOME_WORKOUT
12221,6931,4,5290,HOME_WORKOUT
903,1037,4,-134,LIGHT_WALK
1357,4869,6,-3512,LIGHT_WALK
11062,3660,7,7402,HOME_WORKOUT
2283,13584,7,-11301,LIGHT_WALK
12061,7656,2,4405,HOME_WORKOUT
8179,7106,0,1073,HOME_WORKOUT
10758,12014,2,-1256,HOME_WORKOUT
6947,3874,7,3073,MODERATE_WALK
10968,4163,4,6805,HOME_WORKOUT
11168,9929,0,1239,HOME_WORKOUT
12726,3159,0,9567,HOME_WORKOUT
14934,12166,2,2768,HOME_WORKOUT
10963,4165,0,6798,HOME_WORKOUT
5360,10683,5,-5323,LIGHT_WALK
9408,1510,7,7898,HOME_WORKOUT
3119,3385,4,-266,MODERATE_WALK
12167,8734,2,3433,HOME_WORKOUT
13472,11253,2,2219,HOME_WORKOUT
9291,10923,0,-1632,HOME_WORKOUT
1550,4764,5,-3214,LIGHT_WALK
10026,5925,5,4101,HOME_WORKOUT
11026,8813,5,2213,HOME_WORKOUT
13093,11364,1,1729,HOME_WORKOUT
14785,9858,2,4927,HOME_WORKOUT
4076,7313,4,-3237,LIGHT_WALK
13679,5589,4,8090,HOME_WORKOUT
10904,5233,7,5671,HOME_WORKOUT
10302,11479,2,-1177,HOME_WORKOUT
7953,12314,2,-4361,HOME_WORKOUT
3891,8278,3,-4387,LIGHT_WALK
10216,9773,1,443,HOME_WORKOUT
1257,10922,2,-9665,LIGHT_WALK
8141,7929,4,212,HOME_WORKOUT
1113,13621,4,-12508,LIGHT_WALK
8177,1232,1,6945,HOME_WORKOUT
9421,12437,6,-3016,RECOVERY_DAY
8994,13901,3,-4907,HOME_WORKOUT
1377,2760,2,-1383,LIGHT_WALK
11125,8436,5,2689,HOME_WORKOUT
4874,8174,0,-3300,LIGHT_WALK
3114,3631,4,-517,MODERATE_WALK
13057,9471,5,3586,RECOVERY_DAY
924,3072,3,-2148,LIGHT_WALK
1213,2745,1,-1532,LIGHT_WALK
3739,11364,5,-7625,LIGHT_WALK
3134,10655,1,-7521,LIGHT_WALK
7815,10511,1,-2696,HOME_WORKOUT
14404,1364,4,13040,HOME_WORKOUT
11235,13622,7,-2387,RECOVERY_DAY
2122,4824,5,-2702,LIGHT_WALK
5133,3565,3,1568,MODERATE_WALK
3234,1851,5,1383,MODERATE_WALK
8372,10833,4,-2461,HOME_WORKOUT
10937,9774,3,1163,HOME_WORKOUT
4556,6000,1,-1444,MODERATE_WALK
9548,11588,2,-2040,HOME_WORKOUT
14671,3642,0,11029,HOME_WORKOUT
2058,12437,6,-10379,LIGHT_WALK
6533,6523,2,10,MODERATE_WALK
14140,7189,3,6951,HOME_WORKOUT
12726,13267,3,-541,HOME_WORKOUT
4298,11168,5,-6870,LIGHT_WALK
7406,4080,7,3326,HOME_WORKOUT
2051,11017,6,-8966,LIGHT_WALK
11832,2285,2,9547,HOME_WORKOUT
3275,13120,1,-9845,LIGHT_WALK
6436,4714,5,1722,MODERATE_WALK
7367,11285,1,-3918,HOME_WORKOUT
9523,2922,3,6601,HOME_WORKOUT
3957,13769,1,-9812,LIGHT_WALK
12902,11936,0,966,HOME_WORKOUT
13213,3550,6,9663,HOME_WORKOUT
12048,1197,0,10851,HOME_WORKOUT
9699,13779,6,-4080,RECOVERY_DAY
8015,6980,5,1035,HOME_WORKOUT
14880,9308,2,5572,HOME_WORKOUT
1014,3974,4,-2960,LIGHT_WALK
5062,12876,3,-7814,LIGHT_WALK
1632,13213,2,-11581,LIGHT_WALK
13373,2575,5,10798,HOME_WORKOUT
11385,3118,7,8267,HOME_WORKOUT
2138,11183,3,-9045,LIGHT_WALK
8721,10968,1,-2247,HOME_WORKOUT
9722,3820,1,5902,HOME_WORKOUT
8158,10102,7,-1944,RECOVERY_DAY
4649,1517,1,3132,MODERATE_WALK
5450,13257,6,-7807,LIGHT_WALK
9086,1221,2,7865,HOME_WORKOUT
9432,11352,3,-1920,HOME_WORKOUT
7362,9061,1,-1699,HOME_WORKOUT
10175,10104,0,71,HOME_WORKOUT
14500,10572,2,3928,HOME_WORKOUT
3990,8189,7,-4199,LIGHT_WALK
4012,4406,1,-394,MODERATE_WALK
8102,6062,2,2040,HOME_WORKOUT
3823,11667,4,-7844,LIGHT_WALK
10618,7321,3,3297,HOME_WORKOUT
1279,9020,5,-7741,LIGHT_WALK
4075,11413,3,-7338,LIGHT_WALK
12070,9790,6,2280,RECOVERY_DAY
10948,12746,6,-1798,RECOVERY_DAY
13848,2481,1,11367,HOME_WORKOUT
8259,9310,5,-1051,RECOVERY_DAY
1078,12628,6,-11550,LIGHT_WALK
3209,11944,4,-8735,LIGHT_WALK
14117,3369,3,10748,HOME_WORKOUT
9042,5778,7,3264,HOME_WORKOUT
769,2622,0,-1853,LIGHT_WALK
1417,5194,4,-3777,LIGHT_WALK
6108,2513,1,3595,MODERATE_WALK
3036,1989,3,1047,MODERATE_WALK
8050,6611,2,1439,HOME_WORKOUT
11809,7903,6,3906,HOME_WORKOUT
1257,9590,5,-8333,LIGHT_WALK
7356,3625,5,3731,HOME_WORKOUT
13220,12075,7,1145,RECOVERY_DAY
2474,8978,3,-6504,LIGHT_WALK
9808,8345,3,1463,HOME_WORKOUT
10164,5553,4,4611,HOME_WORKOUT
6012,9395,3,-3383,LIGHT_WALK
11731,7069,5,4662,HOME_WORKOUT
7741,12872,4,-5131,HOME_WORKOUT
12384,5432,1,6952,HOME_WORKOUT
9571,11837,6,-2266,RECOVERY_DAY
9584,3651,1,5933,HOME_WORKOUT
6181,9195,5,-3014,LIGHT_WALK
1262,13803,0,-12541,LIGHT_WALK
3648,8809,7,-5161,LIGHT_WALK
8498,4965,6,3533,HOME_WORKOUT
9824,4936,6,4888,HOME_WORKOUT
10605,2792,4,7813,HOME_WORKOUT
8951,11934,3,-2983,HOME_WORKOUT
13538,7992,2,5546,HOME_WORKOUT
4461,2753,5,1708,MODERATE_WALK
824,3013,7,-2189,LIGHT_WALK
10446,12947,3,-2501,HOME_WORKOUT
8839,12920,6,-4081,RECOVERY_DAY
4857,9262,2,-4405,LIGHT_WALK
9007,6355,3,2652,HOME_WORKOUT
4452,8604,5,-4152,LIGHT_WALK
13996,3755,2,10241,HOME_WORKOUT
10021,6290,4,3731,HOME_WORKOUT
5171,9285,4,-4114,LIGHT_WALK
2145,5488,4,-3343,LIGHT_WALK
9032,6316,0,2716,HOME_WORKOUT
7438,12845,4,-5407,HOME_WORKOUT
4612,3104,1,1508,MODERATE_WALK
4183,8633,0,-4450,LIGHT_WALK
10706,11665,0,-959,HOME_WORKOUT
6284,6206,2,78,MODERATE_WALK
3703,2208,2,1495,MODERATE_WALK
8978,13819,5,-4841,RECOVERY_DAY
1724,5934,4,-4210,LIGHT_WALK
4894,9392,7,-4498,LIGHT_WALK
3565,13712,6,-10147,LIGHT_WALK
778,11708,6,-10930,LIGHT_WALK
9341,9242,3,99,HOME_WORKOUT
4748,10800,3,-6052,LIGHT_WALK
2533,3627,5,-1094,LIGHT_WALK
12774,11376,7,1398,RECOVERY_DAY
8254,11500,6,-3246,RECOVERY_DAY
9779,13307,1,-3528,HOME_WORKOUT
1887,7175,5,-5288,LIGHT_WALK
13798,8723,6,5075,HOME_WORKOUT
9276,7096,2,2180,HOME_WORKOUT
999,10691,5,-9692,LIGHT_WALK
13864,8003,0,5861,HOME_WORKOUT
2962,13027,5,-10065,LIGHT_WALK
1509,2055,4,-546,LIGHT_WALK
1283,5806,2,-4523,LIGHT_WALK
7889,3722,7,4167,HOME_WORKOUT
4509,3995,3,514,MODERATE_WALK
14804,9389,2,5415,HOME_WORKOUT
13401,8277,2,5124,HOME_WORKOUT
12013,6703,0,5310,HOME_WORKOUT
11851,2097,1,9754,HOME_WORKOUT
11165,3186,3,7979,HOME_WORKOUT
7479,2423,2,5056,HOME_WORKOUT
1709,3332,0,-1623,LIGHT_WALK
4927,11172,7,-6245,LIGHT_WALK
2080,13029,6,-10949,LIGHT_WALK
2475,2535,1,-60,LIGHT_WALK
9176,7765,1,1411,HOME_WORKOUT
11290,10116,6,1174,RECOVERY_DAY
3037,4115,0,-1078,MODERATE_WALK
10100,12206,6,-2106,RECOVERY_DAY
2541,9610,4,-7069,LIGHT_WALK
12700,11077,4,1623,HOME_WORKOUT
13732,6750,4,6982,HOME_WORKOUT
14341,4647,0,9694,HOME_WORKOUT
13822,10661,3,3161,HOME_WORKOUT
11733,13510,5,-1777,RECOVERY_DAY
14757,7200,5,7557,HOME_WORKOUT
7701,10720,3,-3019,HOME_WORKOUT
4500,5971,7,-1471,MODERATE_WALK
5311,5941,2,-630,MODERATE_WALK
13321,9086,3,4235,HOME_WORKOUT
2891,6731,6,-3840,LIGHT_WALK
1175,6719,5,-5544,LIGHT_WALK
4281,13375,1,-9094,LIGHT_WALK
6031,2268,3,3763,MODERATE_WALK
14862,11899,2,2963,HOME_WORKOUT
13901,9933,4,3968,HOME_WORKOUT
7198,6668,6,530,HOME_WORKOUT
14219,7795,3,6424,HOME_WORKOUT
11957,12189,7,-232,RECOVERY_DAY
10814,1331,1,9483,HOME_WORKOUT
3554,7392,1,-3838,LIGHT_WALK
14858,13442,2,1416,HOME_WORKOUT
1441,6310,4,-4869,LIGHT_WALK
7086,2639,4,4447,HOME_WORKOUT
12521,11508,5,1013,RECOVERY_DAY
2116,4593,7,-2477,LIGHT_WALK
9400,7591,0,1809,HOME_WORKOUT
5524,4409,2,1115,MODERATE_WALK
7571,12176,4,-4605,HOME_WORKOUT
1942,2282,5,-340,LIGHT_WALK
7200,4881,2,2319,HOME_WORKOUT
5751,9614,2,-3863,LIGHT_WALK
14087,3032,5,11055,HOME_WORKOUT
13385,4352,2,9033,HOME_WORKOUT
14817,5815,4,9002,HOME_WORKOUT
3200,5829,7,-2629,LIGHT_WALK
3934,1871,1,2063,MODERATE_WALK
3871,12949,7,-9078,LIGHT_WALK
14537,8592,7,5945,HOME_WORKOUT
8366,11304,6,-2938,RECOVERY_DAY
10242,10207,2,35,HOME_WORKOUT
10831,4695,4,6136,HOME_WORKOUT
14740,1609,3,13131,HOME_WORKOUT
1116,3385,5,-2269,LIGHT_WALK
11652,6041,1,5611,HOME_WORKOUT
6100,10123,3,-4023,LIGHT_WALK
12228,12511,2,-283,HOME_WORKOUT
2287,4768,7,-2481,LIGHT_WALK
2083,12846,3,-10763,LIGHT_WALK
5196,3130,0,2066,MODERATE_WALK
7232,4371,4,2861,HOME_WORKOUT
1570,6576,5,-5006,LIGHT_WALK
591,10731,3,-10140,LIGHT_WALK
5376,4403,7,973,MODERATE_WALK
4925,4454,5,471,MODERATE_WALK
8318,3847,0,4471,HOME_WORKOUT
7361,11829,3,-4468,HOME_WORKOUT
1395,11850,6,-10455,LIGHT_WALK
9054,4179,3,4875,HOME_WORKOUT
14653,1473,1,13180,HOME_WORKOUT
12691,5151,0,7540,HOME_WORKOUT
7816,9495,4,-1679,HOME_WORKOUT
14555,13666,2,889,HOME_WORKOUT
4625,3351,5,1274,MODERATE_WALK
9919,6822,1,3097,HOME_WORKOUT
1565,13213,6,-11648,LIGHT_WALK
13666,1732,4,11934,HOME_WORKOUT
7347,2966,4,4381,HOME_WORKOUT
10873,12782,4,-1909,HOME_WORKOUT
8035,10617,3,-2582,HOME_WORKOUT
13729,11212,0,2517,HOME_WORKOUT
3400,7910,4,-4510,LIGHT_WALK
3044,11986,2,-8942,LIGHT_WALK
2819,11811,1,-8992,LIGHT_WALK
12686,9444,5,3242,RECOVERY_DAY
5263,1836,5,3427,MODERATE_WALK
14101,1140,2,12961,HOME_WORKOUT
10326,3754,2,6572,HOME_WORKOUT
9548,10227,0,-679,HOME_WORKOUT
4003,13309,5,-9306,LIGHT_WALK
4234,2721,7,1513,MODERATE_WALK
8773,12126,6,-3353,RECOVERY_DAY
9658,13258,3,-3600,HOME_WORKOUT
1111,6078,6,-4967,LIGHT_WALK
3274,1240,0,2034,MODERATE_WALK
746,13573,2,-12827,LIGHT_WALK
8251,5165,4,3086,HOME_WORKOUT
6852,7772,3,-920,MODERATE_WALK
4900,4581,6,319,MODERATE_WALK
10312,1063,0,9249,HOME_WORKOUT
9893,8714,5,1179,HOME_WORKOUT
14239,1093,5,13146,HOME_WORKOUT
2123,6927,3,-4804,LIGHT_WALK
5258,3275,3,1983,MODERATE_WALK
11298,7767,4,3531,HOME_WORKOUT
7556,2239,0,5317,HOME_WORKOUT
3220,10837,2,-7617,LIGHT_WALK
12551,6397,7,6154,HOME_WORKOUT
12188,6154,3,6034,HOME_WORKOUT
10826,2781,0,8045,HOME_WORKOUT
1508,3496,7,-1988,LIGHT_WALK
5176,13513,3,-8337,LIGHT_WALK
10896,11225,6,-329,RECOVERY_DAY
14487,3163,0,11324,HOME_WORKOUT
2624,1921,4,703,LIGHT_WALK
4221,8066,0,-3845,LIGHT_WALK
13895,11681,3,2214,HOME_WORKOUT
11129,11062,3,67,HOME_WORKOUT
9270,9569,3,-299,HOME_WORKOUT
8957,12506,1,-3549,HOME_WORKOUT
6453,9804,5,-3351,LIGHT_WALK
3547,9313,3,-5766,LIGHT_WALK
12951,6553,5,6398,HOME_WORKOUT
4623,3819,4,804,MODERATE_WALK
13840,2499,4,11341,HOME_WORKOUT
2664,6516,7,-3852,LIGHT_WALK
14647,11131,3,3516,HOME_WORKOUT
13624,7848,6,5776,HOME_WORKOUT
11468,3361,6,8107,HOME_WORKOUT
14520,10265,1,4255,HOME_WORKOUT
3906,13392,4,-9486,LIGHT_WALK
1114,13492,1,-12378,LIGHT_WALK
14297,7376,4,6921,HOME_WORKOUT
12410,13882,2,-1472,HOME_WORKOUT
1136,9755,7,-8619,LIGHT_WALK
7804,10721,0,-2917,HOME_WORKOUT
6037,9541,3,-3504,LIGHT_WALK
12541,3261,4,9280,HOME_WORKOUT
14837,12209,6,2628,RECOVERY_DAY
900,8314,0,-7414,LIGHT_WALK
9510,7093,6,2417,HOME_WORKOUT
7103,8897,1,-1794,HOME_WORKOUT
2980,6614,6,-3634,LIGHT_WALK
6772,12191,3,-5419,LIGHT_WALK
6540,13801,5,-7261,LIGHT_WALK
6341,11474,6,-5133,LIGHT_WALK
627,1145,3,-518,LIGHT_WALK
6962,11689,0,-4727,LIGHT_WALK
6407,2421,5,3986,MODERATE_WALK
13885,13982,2,-97,HOME_WORKOUT
9960,13562,7,-3602,RECOVERY_DAY
8609,1934,1,6675,HOME_WORKOUT
13869,3724,5,10145,HOME_WORKOUT
11373,7776,4,3597,HOME_WORKOUT
2453,7717,7,-5264,LIGHT_WALK
5382,11695,7,-6313,LIGHT_WALK
5993,8210,5,-2217,LIGHT_WALK
9158,13519,4,-4361,HOME_WORKOUT
5583,13736,6,-8153,LIGHT_WALK
10400,8785,1,1615,HOME_WORKOUT
14238,2951,0,11287,HOME_WORKOUT
8824,2075,3,6749,HOME_WORKOUT
12240,11767,4,473,HOME_WORKOUT
10137,3762,7,6375,HOME_WORKOUT
4814,1325,1,3489,MODERATE_WALK
12286,13940,1,-1654,HOME_WORKOUT
1586,3878,5,-2292,LIGHT_WALK
5840,10637,5,-4797,LIGHT_WALK
9028,11772,0,-2744,HOME_WORKOUT
12190,2511,2,9679,HOME_WORKOUT
11670,6242,0,5428,HOME_WORKOUT
532,8715,3,-8183,LIGHT_WALK
8195,4584,1,3611,HOME_WORKOUT
10091,4394,3,5697,HOME_WORKOUT
12920,3311,2,9609,HOME_WORKOUT
4085,2345,0,1740,MODERATE_WALK
9215,3806,7,5409,HOME_WORKOUT
1353,4495,5,-3142,LIGHT_WALK
14249,5083,0,9166,HOME_WORKOUT
9021,5941,3,3080,HOME_WORKOUT
1591,10576,7,-8985,LIGHT_WALK
12360,3947,4,8413,HOME_WORKOUT
13294,13397,5,-103,RECOVERY_DAY
8200,1423,5,6777,HOME_WORKOUT
740,8352,4,-7612,LIGHT_WALK
11533,3869,1,7664,HOME_WORKOUT
11721,6379,2,5342,HOME_WORKOUT
4375,13300,5,-8925,LIGHT_WALK
9722,10781,4,-1059,HOME_WORKOUT
7676,11587,4,-3911,HOME_WORKOUT
6490,8169,1,-1679,LIGHT_WALK
2551,11197,4,-8646,LIGHT_WALK
14448,13729,5,719,RECOVERY_DAY
10515,9196,6,1319,RECOVERY_DAY
12677,2236,6,10441,HOME_WORKOUT
2913,3572,4,-659,LIGHT_WALK
10448,11677,2,-1229,HOME_WORKOUT
14237,13809,0,428,HOME_WORKOUT
11701,8649,4,3052,HOME_WORKOUT
12835,6448,1,6387,HOME_WORKOUT
11646,13840,5,-2194,RECOVERY_DAY
3883,11427,5,-7544,LIGHT_WALK
3512,4812,3,-1300,MODERATE_WALK
938,10330,6,-9392,LIGHT_WALK
12581,4179,1,8402,HOME_WORKOUT
14674,8277,2,6397,HOME_WORKOUT
5817,3833,3,1984,MODERATE_WALK
9248,9241,6,7,RECOVERY_DAY
5352,10131,0,-4779,LIGHT_WALK
5500,7351,5,-1851,LIGHT_WALK
6748,6117,5,631,MODERATE_WALK
10862,8404,6,2458,HOME_WORKOUT
11459,11270,1,189,HOME_WORKOUT
3316,13231,1,-9915,LIGHT_WALK
10453,5293,1,5160,HOME_WORKOUT
3631,5230,2,-1599,LIGHT_WALK
11660,6215,1,5445,HOME_WORKOUT
11394,9989,1,1405,HOME_WORKOUT
8639,1848,3,6791,HOME_WORKOUT
11219,9934,5,1285,RECOVERY_DAY
5037,5758,0,-721,MODERATE_WALK
1268,9353,1,-8085,LIGHT_WALK
12549,12980,3,-431,HOME_WORKOUT
4914,6330,5,-1416,MODERATE_WALK
8041,4863,2,3178,HOME_WORKOUT
10728,11905,1,-1177,HOME_WORKOUT
7204,5194,4,2010,HOME_WORKOUT
1879,9179,7,-7300,LIGHT_WALK
14875,1034,5,13841,HOME_WORKOUT
3747,12530,6,-8783,LIGHT_WALK
11385,6139,0,5246,HOME_WORKOUT
12275,7581,5,4694,HOME_WORKOUT
12722,6930,2,5792,HOME_WORKOUT
11804,10610,1,1194,HOME_WORKOUT
7596,7472,0,124,HOME_WORKOUT
9973,8757,3,1216,HOME_WORKOUT
12538,1202,5,11336,HOME_WORKOUT
7862,3764,6,4098,HOME_WORKOUT
3521,5682,3,-2161,LIGHT_WALK
10949,13424,7,-2475,RECOVERY_DAY
7906,13436,7,-5530,RECOVERY_DAY
14199,5380,1,8819,HOME_WORKOUT
14451,12784,4,1667,HOME_WORKOUT
11797,4280,5,7517,HOME_WORKOUT
7086,8568,5,-1482,HOME_WORKOUT
2294,9451,5,-7157,LIGHT_WALK
14479,5359,7,9120,HOME_WORKOUT
13994,5212,2,8782,HOME_WORKOUT
9581,3083,5,6498,HOME_WORKOUT
1025,1250,6,-225,LIGHT_WALK
4224,3750,1,474,MODERATE_WALK
14316,9648,3,4668,HOME_WORKOUT
13107,1348,1,11759,HOME_WORKOUT
4332,2904,4,1428,MODERATE_WALK
732,10320,7,-9588,LIGHT_WALK
1589,6951,2,-5362,LIGHT_WALK
4576,13805,4,-9229,LIGHT_WALK
2829,9986,0,-7157,LIGHT_WALK
5535,3127,1,2408,MODERATE_WALK
6274,8417,1,-2143,LIGHT_WALK
14025,10168,6,3857,RECOVERY_DAY
9110,8724,7,386,HOME_WORKOUT
12864,1546,0,11318,HOME_WORKOUT
9719,5015,1,4704,HOME_WORKOUT
2880,4985,2,-2105,LIGHT_WALK
7405,7681,7,-276,HOME_WORKOUT
8456,10075,4,-1619,HOME_WORKOUT
2285,11810,7,-9525,LIGHT_WALK
6984,5445,0,1539,MODERATE_WALK
13468,3953,3,9515,HOME_WORKOUT
3328,1573,0,1755,MODERATE_WALK
11478,5221,7,6257,HOME_WORKOUT
6706,6481,6,225,MODERATE_WALK
11181,6619,7,4562,HOME_WORKOUT
2304,10660,5,-8356,LIGHT_WALK
9719,11059,3,-1340,HOME_WORKOUT
4586,7587,7,-3001,LIGHT_WALK
14965,10148,0,4817,HOME_WORKOUT
4470,6996,2,-2526,LIGHT_WALK
8620,1228,1,7392,HOME_WORKOUT
10169,13683,7,-3514,RECOVERY_DAY
1205,1881,0,-676,LIGHT_WALK
11213,6486,5,4727,HOME_WORKOUT
14804,11252,4,3552,HOME_WORKOUT
9489,12521,7,-3032,RECOVERY_DAY
14991,9059,4,5932,HOME_WORKOUT
2895,11028,0,-8133,LIGHT_WALK
14839,2116,4,12723,HOME_WORKOUT
5696,9745,3,-4049,LIGHT_WALK
1558,10653,1,-9095,LIGHT_WALK
1136,10188,3,-9052,LIGHT_WALK
9736,10928,6,-1192,RECOVERY_DAY
5541,10560,3,-5019,LIGHT_WALK
13885,2522,6,11363,HOME_WORKOUT
13290,8328,0,4962,HOME_WORKOUT
12275,13598,7,-1323,RECOVERY_DAY
551,6808,5,-6257,LIGHT_WALK
4348,11211,4,-6863,LIGHT_WALK
8457,4191,2,4266,HOME_WORKOUT
1600,6766,1,-5166,LIGHT_WALK
6986,3810,2,3176,MODERATE_WALK
14562,2134,0,12428,HOME_WORKOUT
14753,7399,7,7354,HOME_WORKOUT
8162,13531,1,-5369,HOME_WORKOUT
5714,11740,2,-6026,LIGHT_WALK
14035,8031,2,6004,HOME_WORKOUT
9739,6723,5,3016,HOME_WORKOUT
6853,13633,3,-6780,LIGHT_WALK
13429,6150,6,7279,HOME_WORKOUT
8657,10429,2,-1772,HOME_WORKOUT
13483,13457,0,26,HOME_WORKOUT
13613,13884,3,-271,HOME_WORKOUT
13900,13649,3,251,HOME_WORKOUT
7542,3761,0,3781,HOME_WORKOUT
10263,7596,3,2667,HOME_WORKOUT
7827,10041,6,-2214,RECOVERY_DAY
3879,7687,0,-3808,LIGHT_WALK
7898,3143,5,4755,HOME_WORKOUT
5228,11023,7,-5795,LIGHT_WALK
9948,7946,2,2002,HOME_WORKOUT
3147,9813,3,-6666,LIGHT_WALK
3842,10722,4,-6880,LIGHT_WALK
6145,12998,1,-6853,LIGHT_WALK
5911,3036,4,2875,MODERATE_WALK
12247,10915,1,1332,HOME_WORKOUT
5766,1918,4,3848,MODERATE_WALK
14474,8800,3,5674,HOME_WORKOUT
3708,8213,7,-4505,LIGHT_WALK
2897,8788,3,-5891,LIGHT_WALK
8458,11879,6,-3421,RECOVERY_DAY
2820,11413,6,-8593,LIGHT_WALK
1514,10908,6,-9394,LIGHT_WALK
8027,2256,1,5771,HOME_WORKOUT
10792,1019,2,9773,HOME_WORKOUT
9113,3443,7,5670,HOME_WORKOUT
6099,8560,2,-2461,LIGHT_WALK
13227,12149,6,1078,RECOVERY_DAY
12168,11323,4,845,HOME_WORKOUT
11673,2324,2,9349,HOME_WORKOUT
3382,10595,4,-7213,LIGHT_WALK
3993,4663,7,-670,MODERATE_WALK
1637,4753,5,-3116,LIGHT_WALK
10307,2163,6,8144,HOME_WORKOUT
13597,11857,1,1740,HOME_WORKOUT
3951,3792,4,159,MODERATE_WALK
12268,8697,4,3571,HOME_WORKOUT
11920,7621,7,4299,HOME_WORKOUT
11070,11606,7,-536,RECOVERY_DAY
7454,10086,3,-2632,HOME_WORKOUT
1180,5289,2,-4109,LIGHT_WALK
14591,9932,2,4659,HOME_WORKOUT
567,8426,6,-7859,LIGHT_WALK
13081,10352,3,2729,HOME_WORKOUT
519,2642,0,-2123,LIGHT_WALK
4769,8753,2,-3984,LIGHT_WALK
3961,1949,3,2012,MODERATE_WALK
5353,5754,7,-401,MODERATE_WALK
14785,6284,7,8501,HOME_WORKOUT
9598,10833,4,-1235,HOME_WORKOUT
11724,4839,4,6885,HOME_WORKOUT
13507,9210,0,4297,HOME_WORKOUT
2411,1732,6,679,LIGHT_WALK
12350,13168,1,-818,HOME_WORKOUT
4313,1667,1,2646,MODERATE_WALK
7204,13158,3,-5954,HOME_WORKOUT
8677,13754,3,-5077,HOME_WORKOUT
5643,11322,1,-5679,LIGHT_WALK
904,5087,6,-4183,LIGHT_WALK
2115,2883,2,-768,LIGHT_WALK
4896,11718,7,-6822,LIGHT_WALK
11721,10950,0,771,HOME_WORKOUT
3505,11365,2,-7860,LIGHT_WALK
6854,8656,1,-1802,LIGHT_WALK
12821,8611,7,4210,HOME_WORKOUT
11252,12446,7,-1194,RECOVERY_DAY
2277,2319,7,-42,LIGHT_WALK
4495,5094,3,-599,MODERATE_WALK
880,3811,7,-2931,LIGHT_WALK
3676,10626,6,-6950,LIGHT_WALK
14045,2820,5,11225,HOME_WORKOUT
2162,11009,5,-8847,LIGHT_WALK
11075,5991,4,5084,HOME_WORKOUT
792,10546,3,-9754,LIGHT_WALK
11142,12703,3,-1561,HOME_WORKOUT
6746,1172,7,5574,MODERATE_WALK
8351,5231,7,3120,HOME_WORKOUT
6435,11570,3,-5135,LIGHT_WALK
12638,12389,1,249,HOME_WORKOUT
5511,10267,4,-4756,LIGHT_WALK
9106,7495,4,1611,HOME_WORKOUT
8160,1726,0,6434,HOME_WORKOUT
6587,12135,3,-5548,LIGHT_WALK
13005,10182,1,2823,HOME_WORKOUT
12589,3426,6,9163,HOME_WORKOUT
7365,6374,4,991,HOME_WORKOUT
10019,13815,4,-3796,HOME_WORKOUT
3988,10656,6,-6668,LIGHT_WALK
14279,13017,3,1262,HOME_WORKOUT
862,5746,7,-4884,LIGHT_WALK
2359,9053,3,-6694,LIGHT_WALK
1631,12440,1,-10809,LIGHT_WALK
6584,10814,3,-4230,LIGHT_WALK
14039,2944,7,11095,HOME_WORKOUT
11146,13465,0,-2319,HOME_WORKOUT
10846,2493,0,8353,HOME_WORKOUT
10883,11921,1,-1038,HOME_WORKOUT
1676,4307,3,-2631,LIGHT_WALK
4501,1609,6,2892,MODERATE_WALK
7458,3939,1,3519,HOME_WORKOUT
14156,5900,7,8256,HOME_WORKOUT
14561,5106,1,9455,HOME_WORKOUT
6004,10108,0,-4104,LIGHT_WALK
3889,5545,0,-1656,LIGHT_WALK
2392,4519,0,-2127,LIGHT_WALK
725,5021,1,-4296,LIGHT_WALK
2936,3110,2,-174,LIGHT_WALK
8273,3908,1,4365,HOME_WORKOUT
5905,3521,4,2384,MODERATE_WALK
824,2483,4,-1659,LIGHT_WALK
6805,7681,6,-876,MODERATE_WALK
874,11233,6,-10359,LIGHT_WALK
6072,7995,4,-1923,LIGHT_WALK
13169,8432,3,4737,HOME_WORKOUT
9725,9043,7,682,RECOVERY_DAY
6546,3063,3,3483,MODERATE_WALK
4108,10797,3,-6689,LIGHT_WALK
12425,9865,7,2560,RECOVERY_DAY
1132,10791,7,-9659,LIGHT_WALK
9463,5860,5,3603,HOME_WORKOUT
2926,9921,4,-6995,LIGHT_WALK
10179,1571,1,8608,HOME_WORKOUT
2942,8528,7,-5586,LIGHT_WALK
3332,13629,7,-10297,LIGHT_WALK
14811,6528,0,8283,HOME_WORKOUT
11709,10982,5,727,RECOVERY_DAY
5386,11103,0,-5717,LIGHT_WALK
3043,11026,4,-7983,LIGHT_WALK
612,2167,2,-1555,LIGHT_WALK
8992,8897,4,95,HOME_WORKOUT
11067,4894,1,6173,HOME_WORKOUT
793,4402,0,-3609,LIGHT_WALK
2484,13655,0,-11171,LIGHT_WALK
8048,3641,5,4407,HOME_WORKOUT
2304,12058,4,-9754,LIGHT_WALK
7210,3449,5,3761,HOME_WORKOUT
1699,6687,3,-4988,LIGHT_WALK
6396,2495,3,3901,MODERATE_WALK
14781,1203,0,13578,HOME_WORKOUT
10468,2618,7,7850,HOME_WORKOUT
3024,9513,7,-6489,LIGHT_WALK
12105,9667,0,2438,HOME_WORKOUT
9923,2873,6,7050,HOME_WORKOUT
998,2461,3,-1463,LIGHT_WALK
5105,11999,1,-6894,LIGHT_WALK
5416,2607,4,2809,MODERATE_WALK
14774,8036,6,6738,HOME_WORKOUT
7752,10914,7,-3162,RECOVERY_DAY
12022,1118,6,10904,HOME_WORKOUT
14535,11441,5,3094,RECOVERY_DAY
8263,3466,1,4797,HOME_WORKOUT
12768,12024,0,744,HOME_WORKOUT
3625,4438,1,-813,MODERATE_WALK
13467,4814,7,8653,HOME_WORKOUT
2178,10589,2,-8411,LIGHT_WALK
5051,5102,0,-51,MODERATE_WALK
14024,12516,0,1508,HOME_WORKOUT
12251,11934,3,317,HOME_WORKOUT
5802,10291,7,-4489,LIGHT_WALK
12798,10216,0,2582,HOME_WORKOUT
3038,11291,4,-8253,LIGHT_WALK
4136,7381,2,-3245,LIGHT_WALK
2247,7202,3,-4955,LIGHT_WALK
10736,1346,1,9390,HOME_WORKOUT
5997,5056,1,941,MODERATE_WALK
9180,4588,5,4592,HOME_WORKOUT
4440,12993,4,-8553,LIGHT_WALK
3985,2979,7,1006,MODERATE_WALK
7372,3276,6,4096,HOME_WORKOUT
9296,8831,4,465,HOME_WORKOUT
8266,13924,3,-5658,HOME_WORKOUT
2541,9016,1,-6475,LIGHT_WALK
10885,1029,6,9856,HOME_WORKOUT
4780,4423,0,357,MODERATE_WALK
11537,10624,2,913,HOME_WORKOUT
2903,4391,2,-1488,LIGHT_WALK
11517,11791,2,-274,HOME_WORKOUT
8652,9348,3,-696,HOME_WORKOUT
13864,4991,7,8873,HOME_WORKOUT
2823,7160,2,-4337,LIGHT_WALK
5345,2158,1,3187,MODERATE_WALK
9593,8593,0,1000,HOME_WORKOUT
4754,8514,7,-3760,LIGHT_WALK
4161,12565,5,-8404,LIGHT_WALK
14361,12471,4,1890,HOME_WORKOUT
5372,13765,6,-8393,LIGHT_WALK
1456,13671,5,-12215,LIGHT_WALK
7768,13910,0,-6142,HOME_WORKOUT
12374,4534,1,7840,HOME_WORKOUT
6470,7164,7,-694,MODERATE_WALK
5673,5504,7,169,MODERATE_WALK
3103,4037,7,-934,MODERATE_WALK
2984,1705,4,1279,LIGHT_WALK
14317,13531,3,786,HOME_WORKOUT
12851,11819,2,1032,HOME_WORKOUT
10590,11197,0,-607,HOME_WORKOUT
647,4745,4,-4098,LIGHT_WALK
3296,5137,6,-1841,LIGHT_WALK
6103,12187,4,-6084,LIGHT_WALK
13932,10636,3,3296,HOME_WORKOUT
12433,10722,5,1711,RECOVERY_DAY
11573,10161,0,1412,HOME_WORKOUT
6817,4907,6,1910,MODERATE_WALK
12398,9268,0,3130,HOME_WORKOUT
5891,4452,0,1439,MODERATE_WALK
12704,8314,1,4390,HOME_WORKOUT
4109,2639,3,1470,MODERATE_WALK
14621,9476,7,5145,RECOVERY_DAY
5176,10642,1,-5466,LIGHT_WALK
9783,4384,6,5399,HOME_WORKOUT
14064,6689,3,7375,HOME_WORKOUT
1339,8071,1,-6732,LIGHT_WALK
526,7753,1,-7227,LIGHT_WALK
12320,2814,2,9506,HOME_WORKOUT
4585,9045,7,-4460,LIGHT_WALK
6336,1671,7,4665,MODERATE_WALK
7374,4043,5,3331,HOME_WORKOUT
4048,4233,2,-185,MODERATE_WALK
8556,7770,7,786,HOME_WORKOUT
11024,8646,0,2378,HOME_WORKOUT
1371,12942,5,-11571,LIGHT_WALK
10256,5789,6,4467,HOME_WORKOUT
4710,8684,3,-3974,LIGHT_WALK
5273,4526,5,747,MODERATE_WALK
6256,12952,0,-6696,LIGHT_WALK
12400,12669,0,-269,HOME_WORKOUT
1764,5742,3,-3978,LIGHT_WALK
14270,9270,7,5000,RECOVERY_DAY
2994,4833,6,-1839,LIGHT_WALK
6956,1685,2,5271,MODERATE_WALK
12169,4736,3,7433,HOME_WORKOUT
8860,9493,1,-633,HOME_WORKOUT
10483,3553,0,6930,HOME_WORKOUT
2940,10569,3,-7629,LIGHT_WALK
3828,10521,4,-6693,LIGHT_WALK
11268,2417,0,8851,HOME_WORKOUT
14018,12873,6,1145,RECOVERY_DAY
7674,12672,1,-4998,HOME_WORKOUT
14797,11855,4,2942,HOME_WORKOUT
13165,1909,0,11256,HOME_WORKOUT
2356,2192,5,164,LIGHT_WALK
9221,1376,5,7845,HOME_WORKOUT
8999,3486,7,5513,HOME_WORKOUT
12544,12904,5,-360,RECOVERY_DAY
10530,13713,6,-3183,RECOVERY_DAY
12873,6171,7,6702,HOME_WORKOUT
2888,5294,3,-2406,LIGHT_WALK
13554,11812,7,1742,RECOVERY_DAY
1543,2855,3,-1312,LIGHT_WALK
6654,13050,3,-6396,LIGHT_WALK
6010,3747,0,2263,MODERATE_WALK
9702,1425,0,8277,HOME_WORKOUT
4669,5765,1,-1096,MODERATE_WALK
3776,8652,2,-4876,LIGHT_WALK
12218,5931,3,6287,HOME_WORKOUT
13234,7092,4,6142,HOME_WORKOUT
12284,11030,1,1254,HOME_WORKOUT
10285,5409,1,4876,HOME_WORKOUT
7455,13822,3,-6367,HOME_WORKOUT
1852,13049,0,-11197,LIGHT_WALK
1964,9294,4,-7330,LIGHT_WALK
9278,11469,2,-2191,HOME_WORKOUT
1292,3286,1,-1994,LIGHT_WALK
7808,12590,6,-4782,RECOVERY_DAY
11584,6298,4,5286,HOME_WORKOUT
4417,5292,3,-875,MODERATE_WALK
9025,11488,7,-2463,RECOVERY_DAY
5898,9953,1,-4055,LIGHT_WALK
10424,11948,0,-1524,HOME_WORKOUT
8889,6953,2,1936,HOME_WORKOUT
5531,3315,6,2216,MODERATE_WALK
6096,9950,5,-3854,LIGHT_WALK
1900,11277,3,-9377,LIGHT_WALK
10776,1413,5,9363,HOME_WORKOUT
7422,11434,6,-4012,RECOVERY_DAY
9405,5351,5,4054,HOME_WORKOUT
4122,3222,3,900,MODERATE_WALK
9124,8833,7,291,HOME_WORKOUT
2178,3002,0,-824,LIGHT_WALK
2758,12613,4,-9855,LIGHT_WALK
1355,10368,0,-9013,LIGHT_WALK
10589,8509,2,2080,HOME_WORKOUT
8692,8402,4,290,HOME_WORKOUT
5868,7417,3,-1549,LIGHT_WALK
13049,10919,6,2130,RECOVERY_DAY
9295,11395,1,-2100,HOME_WORKOUT
14054,1915,2,12139,HOME_WORKOUT
14330,3115,7,11215,HOME_WORKOUT
10607,12984,1,-2377,HOME_WORKOUT
7567,5686,7,1881,HOME_WORKOUT
6847,5926,2,921,MODERATE_WALK
3203,13943,2,-10740,LIGHT_WALK
14255,3440,1,10815,HOME_WORKOUT
3392,6735,2,-3343,LIGHT_WALK
2464,9749,2,-7285,LIGHT_WALK
6659,1452,6,5207,MODERATE_WALK
11756,1544,6,10212,HOME_WORKOUT
12520,1395,4,11125,HOME_WORKOUT
8477,9924,3,-1447,HOME_WORKOUT
6032,10498,1,-4466,LIGHT_WALK
8457,3456,0,5001,HOME_WORKOUT
7349,7587,7,-238,HOME_WORKOUT
2287,10270,5,-7983,LIGHT_WALK
5470,10835,5,-5365,LIGHT_WALK
11563,7634,1,3929,HOME_WORKOUT
3632,1162,2,2470,MODERATE_WALK
13733,12881,4,852,HOME_WORKOUT
2027,12977,4,-10950,LIGHT_WALK
1473,3323,2,-1850,LIGHT_WALK
5849,8031,7,-2182,LIGHT_WALK
7674,9842,7,-2168,RECOVERY_DAY
2435,13629,7,-11194,LIGHT_WALK
2414,9749,7,-7335,LIGHT_WALK
754,7931,2,-7177,LIGHT_WALK
14910,2886,7,12024,HOME_WORKOUT
9301,5634,2,3667,HOME_WORKOUT
14029,11191,5,2838,RECOVERY_DAY
4143,3801,6,342,MODERATE_WALK
7236,2685,2,4551,HOME_WORKOUT
4283,2504,3,1779,MODERATE_WALK
12919,4113,0,8806,HOME_WORKOUT
8438,7147,4,1291,HOME_WORKOUT
12835,5763,2,7072,HOME_WORKOUT
8778,12986,7,-4208,RECOVERY_DAY
10676,7745,6,2931,HOME_WORKOUT
7120,4481,7,2639,HOME_WORKOUT
11509,5062,3,6447,HOME_WORKOUT
7025,11012,6,-3987,RECOVERY_DAY
11515,5735,6,5780,HOME_WORKOUT
14406,1661,0,12745,HOME_WORKOUT
5028,7661,2,-2633,LIGHT_WALK
11583,5999,2,5584,HOME_WORKOUT
8165,3423,3,4742,HOME_WORKOUT
3907,7282,0,-3375,LIGHT_WALK
3997,3266,4,731,MODERATE_WALK
6949,5639,7,1310,MODERATE_WALK
4127,5943,3,-1816,LIGHT_WALK
12309,9322,7,2987,RECOVERY_DAY
1456,10600,0,-9144,LIGHT_WALK
1108,5970,7,-4862,LIGHT_WALK
3569,4479,1,-910,MODERATE_WALK
4927,12796,1,-7869,LIGHT_WALK
6305,5305,4,1000,MODERATE_WALK
688,6911,6,-6223,LIGHT_WALK
8562,9893,5,-1331,RECOVERY_DAY
7634,7102,0,532,HOME_WORKOUT
543,8791,2,-8248,LIGHT_WALK
14647,4693,5,9954,HOME_WORKOUT
6668,11783,5,-5115,LIGHT_WALK
2171,1445,0,726,LIGHT_WALK
12110,10200,6,1910,RECOVERY_DAY
4943,5648,0,-705,MODERATE_WALK
13022,5990,7,7032,HOME_WORKOUT
3919,2545,2,1374,MODERATE_WALK
7358,9896,4,-2538,HOME_WORKOUT
14176,3578,4,10598,HOME_WORKOUT
3711,10224,3,-6513,LIGHT_WALK
14460,8367,3,6093,HOME_WORKOUT
7776,11828,4,-4052,HOME_WORKOUT
2914,12217,5,-9303,LIGHT_WALK
1233,2912,5,-1679,LIGHT_WALK
3392,8986,5,-5594,LIGHT_WALK
9831,6137,7,3694,HOME_WORKOUT
8587,3487,4,5100,HOME_WORKOUT
10112,1054,2,9058,HOME_WORKOUT
4219,1385,0,2834,MODERATE_WALK
5866,6045,2,-179,MODERATE_WALK
10413,6256,1,4157,HOME_WORKOUT
7611,13872,0,-6261,HOME_WORKOUT
7556,5421,3,2135,HOME_WORKOUT
3390,5394,1,-2004,LIGHT_WALK
1933,1817,6,116,LIGHT_WALK
3240,7499,0,-4259,LIGHT_WALK
1451,4617,3,-3166,LIGHT_WALK
2704,2207,6,497,LIGHT_WALK
9120,3524,0,5596,HOME_WORKOUT
10753,9702,0,1051,HOME_WORKOUT
6807,8108,3,-1301,MODERATE_WALK
14162,5654,4,8508,HOME_WORKOUT
1424,11314,3,-9890,LIGHT_WALK
7702,12335,6,-4633,RECOVERY_DAY
3971,9861,6,-5890,LIGHT_WALK
13954,7820,6,6134,HOME_WORKOUT
13613,11994,1,1619,HOME_WORKOUT
7216,1546,3,5670,HOME_WORKOUT
13010,6252,0,6758,HOME_WORKOUT
4936,7939,7,-3003,LIGHT_WALK
6057,6232,6,-175,MODERATE_WALK
4832,12913,7,-8081,LIGHT_WALK
4888,3529,5,1359,MODERATE_WALK
2855,6017,2,-3162,LIGHT_WALK
2618,6213,0,-3595,LIGHT_WALK
3156,2395,0,761,MODERATE_WALK
9029,5294,6,3735,HOME_WORKOUT
4711,2423,1,2288,MODERATE_WALK
13021,12014,5,1007,RECOVERY_DAY
10258,2054,2,8204,HOME_WORKOUT
613,9624,1,-9011,LIGHT_WALK
2771,11512,0,-8741,LIGHT_WALK
10271,7412,3,2859,HOME_WORKOUT
12909,5776,4,7133,HOME_WORKOUT
14461,3077,4,11384,HOME_WORKOUT
13499,6905,3,6594,HOME_WORKOUT
7262,6664,3,598,HOME_WORKOUT
5570,9476,4,-3906,LIGHT_WALK
8411,4191,5,4220,HOME_WORKOUT
10250,7097,6,3153,HOME_WORKOUT
13236,4126,4,9110,HOME_WORKOUT
9778,3327,0,6451,HOME_WORKOUT
3692,3378,2,314,MODERATE_WALK
7398,8892,7,-1494,HOME_WORKOUT
2493,12077,5,-9584,LIGHT_WALK
6204,11319,7,-5115,LIGHT_WALK
1748,6221,0,-4473,LIGHT_WALK
4256,11171,4,-6915,LIGHT_WALK
3868,3915,4,-47,MODERATE_WALK
11511,12658,0,-1147,HOME_WORKOUT
8207,3365,0,4842,HOME_WORKOUT
5863,8666,4,-2803,LIGHT_WALK
14445,7490,0,6955,HOME_WORKOUT
10177,9443,3,734,HOME_WORKOUT
1777,8179,0,-6402,LIGHT_WALK
3792,3006,1,786,MODERATE_WALK
5991,13701,6,-7710,LIGHT_WALK
9069,8990,5,79,HOME_WORKOUT
5996,9926,1,-3930,LIGHT_WALK
9177,11046,0,-1869,HOME_WORKOUT
8528,9358,0,-830,HOME_WORKOUT
10899,6260,6,4639,HOME_WORKOUT
5805,9867,7,-4062,LIGHT_WALK
8277,10671,2,-2394,HOME_WORKOUT
2345,13196,5,-10851,LIGHT_WALK
3228,4521,1,-1293,MODERATE_WALK
2363,1594,6,769,LIGHT_WALK
4803,3207,3,1596,MODERATE_WALK
3659,7276,7,-3617,LIGHT_WALK
4148,5270,7,-1122,MODERATE_WALK
735,10919,6,-10184,LIGHT_WALK
8823,4163,3,4660,HOME_WORKOUT
11188,11068,3,120,HOME_WORKOUT
5364,6487,0,-1123,MODERATE_WALK
14178,3803,1,10375,HOME_WORKOUT
7966,7279,5,687,HOME_WORKOUT
10848,3381,1,7467,HOME_WORKOUT
6250,3042,1,3208,MODERATE_WALK
7339,12069,5,-4730,RECOVERY_DAY
14062,11254,1,2808,HOME_WORKOUT
12753,12845,0,-92,HOME_WORKOUT
9554,13818,1,-4264,HOME_WORKOUT
14042,6920,0,7122,HOME_WORKOUT
8704,10171,5,-1467,RECOVERY_DAY
13875,2722,5,11153,HOME_WORKOUT
9391,13462,1,-4071,HOME_WORKOUT
10843,8605,6,2238,HOME_WORKOUT
4016,10399,4,-6383,LIGHT_WALK
5668,9091,1,-3423,LIGHT_WALK
5800,7806,7,-2006,LIGHT_WALK
13172,13099,2,73,HOME_WORKOUT
1969,11298,0,-9329,LIGHT_WALK
3448,4664,0,-1216,MODERATE_WALK
1163,10390,4,-9227,LIGHT_WALK
1926,12144,3,-10218,LIGHT_WALK
9216,5488,7,3728,HOME_WORKOUT
5444,5660,0,-216,MODERATE_WALK
10356,2861,0,7495,HOME_WORKOUT
3386,4793,6,-1407,MODERATE_WALK
7140,12016,1,-4876,HOME_WORKOUT
14403,13700,5,703,RECOVERY_DAY
14880,9311,5,5569,RECOVERY_DAY
12611,9862,0,2749,HOME_WORKOUT
5646,1792,7,3854,MODERATE_WALK
6442,11924,1,-5482,LIGHT_WALK
1494,1536,3,-42,LIGHT_WALK
2596,4922,6,-2326,LIGHT_WALK
10672,1965,4,8707,HOME_WORKOUT
3484,2847,2,637,MODERATE_WALK
608,9254,4,-8646,LIGHT_WALK
9217,10719,4,-1502,HOME_WORKOUT
4758,9522,1,-4764,LIGHT_WALK
2390,3750,3,-1360,LIGHT_WALK
2007,6588,3,-4581,LIGHT_WALK
12971,6299,3,6672,HOME_WORKOUT
3237,1053,4,2184,MODERATE_WALK
8033,8668,3,-635,HOME_WORKOUT
2408,7921,7,-5513,LIGHT_WALK
2012,5305,5,-3293,LIGHT_WALK
14980,8111,3,6869,HOME_WORKOUT
1369,2919,1,-1550,LIGHT_WALK
4050,2723,7,1327,MODERATE_WALK
5813,7230,1,-1417,MODERATE_WALK
723,8101,0,-7378,LIGHT_WALK
3176,2368,4,808,MODERATE_WALK
4384,3314,6,1070,MODERATE_WALK
8486,9168,3,-682,HOME_WORKOUT
14222,13840,0,382,HOME_WORKOUT
11799,10067,3,1732,HOME_WORKOUT
6090,8072,4,-1982,LIGHT_WALK
5489,8309,1,-2820,LIGHT_WALK
14497,9702,2,4795,HOME_WORKOUT
13948,5137,4,8811,HOME_WORKOUT
3953,3232,4,721,MODERATE_WALK
7063,5177,2,1886,HOME_WORKOUT
5313,2929,0,2384,MODERATE_WALK
4309,3241,6,1068,MODERATE_WALK
13150,3526,0,9624,HOME_WORKOUT
7732,8541,2,-809,HOME_WORKOUT
8392,8052,0,340,HOME_WORKOUT
12698,6787,1,5911,HOME_WORKOUT
7001,3325,6,3676,HOME_WORKOUT
9116,8338,4,778,HOME_WORKOUT
11283,9222,7,2061,RECOVERY_DAY
1310,1918,0,-608,LIGHT_WALK
13514,5856,3,7658,HOME_WORKOUT
11381,7847,4,3534,HOME_WORKOUT
12230,12127,1,103,HOME_WORKOUT
4147,9642,4,-5495,LIGHT_WALK
9755,9876,2,-121,HOME_WORKOUT
11194,3269,0,7925,HOME_WORKOUT
5791,4782,3,1009,MODERATE_WALK
9462,7636,3,1826,HOME_WORKOUT
8478,7097,0,1381,HOME_WORKOUT
11567,10253,2,1314,HOME_WORKOUT
8757,10021,1,-1264,HOME_WORKOUT
10222,13650,4,-3428,HOME_WORKOUT
10483,8146,0,2337,HOME_WORKOUT
1456,3558,6,-2102,LIGHT_WALK
14770,3007,7,11763,HOME_WORKOUT
1300,2943,6,-1643,LIGHT_WALK
13008,4392,0,8616,HOME_WORKOUT
649,2806,3,-2157,LIGHT_WALK
3098,10999,5,-7901,LIGHT_WALK
10261,5207,0,5054,HOME_WORKOUT
10262,4585,5,5677,HOME_WORKOUT
11198,11043,2,155,HOME_WORKOUT
4549,6729,5,-2180,LIGHT_WALK
7039,2864,4,4175,HOME_WORKOUT
14434,6751,0,7683,HOME_WORKOUT
8140,6237,2,1903,HOME_WORKOUT
6074,2216,6,3858,MODERATE_WALK
11406,9976,4,1430,HOME_WORKOUT
4248,1870,6,2378,MODERATE_WALK
4411,3531,5,880,MODERATE_WALK
12047,3921,6,8126,HOME_WORKOUT
14840,2615,0,12225,HOME_WORKOUT
5146,12901,5,-7755,LIGHT_WALK
8540,13818,3,-5278,HOME_WORKOUT
12545,7972,2,4573,HOME_WORKOUT
2844,12993,5,-10149,LIGHT_WALK
14381,9832,6,4549,RECOVERY_DAY
5848,12890,6,-7042,LIGHT_WALK
8948,4668,3,4280,HOME_WORKOUT
8081,1299,4,6782,HOME_WORKOUT
9494,2539,7,6955,HOME_WORKOUT
11164,6264,5,4900,HOME_WORKOUT
9679,2119,4,7560,HOME_WORKOUT
5893,7512,3,-1619,LIGHT_WALK
11817,13932,2,-2115,HOME_WORKOUT
6966,4606,6,2360,MODERATE_WALK
6789,9603,7,-2814,LIGHT_WALK
12951,6347,2,6604,HOME_WORKOUT
11191,8117,6,3074,HOME_WORKOUT
9925,4749,5,5176,HOME_WORKOUT
7005,11368,4,-4363,HOME_WORKOUT
12382,9737,4,2645,HOME_WORKOUT
13098,8254,6,4844,HOME_WORKOUT
13727,9491,6,4236,RECOVERY_DAY
5393,3714,3,1679,MODERATE_WALK
6299,2471,5,3828,MODERATE_WALK
9125,3537,2,5588,HOME_WORKOUT
10907,3028,1,7879,HOME_WORKOUT
10497,12017,1,-1520,HOME_WORKOUT
14104,6848,2,7256,HOME_WORKOUT
4862,9185,6,-4323,LIGHT_WALK
3031,4895,7,-1864,LIGHT_WALK
12446,13317,5,-871,RECOVERY_DAY
5878,6390,3,-512,MODERATE_WALK
13342,11712,0,1630,HOME_WORKOUT
9368,4120,4,5248,HOME_WORKOUT
12752,13836,7,-1084,RECOVERY_DAY
11874,1062,6,10812,HOME_WORKOUT
5402,13901,5,-8499,LIGHT_WALK
5994,11681,2,-5687,LIGHT_WALK
6895,9141,3,-2246,LIGHT_WALK
4100,9972,7,-5872,LIGHT_WALK
3037,2739,4,298,MODERATE_WALK
12760,9404,4,3356,HOME_WORKOUT
13516,5649,0,7867,HOME_WORKOUT
8689,9425,2,-736,HOME_WORKOUT
1742,7146,5,-5404,LIGHT_WALK
5680,6962,7,-1282,MODERATE_WALK
3185,4527,3,-1342,MODERATE_WALK
11988,6271,0,5717,HOME_WORKOUT
1767,6750,1,-4983,LIGHT_WALK
2562,13475,3,-10913,LIGHT_WALK
14050,3788,6,10262,HOME_WORKOUT
6589,4904,5,1685,MODERATE_WALK
10926,9571,7,1355,RECOVERY_DAY
507,13655,7,-13148,LIGHT_WALK
6836,3033,1,3803,MODERATE_WALK
7489,7818,0,-329,HOME_WORKOUT
4317,8230,0,-3913,LIGHT_WALK
3888,10711,3,-6823,LIGHT_WALK
3150,11493,6,-8343,LIGHT_WALK
4306,11414,4,-7108,LIGHT_WALK
13794,10008,2,3786,HOME_WORKOUT
5417,4249,4,1168,MODERATE_WALK
1107,1018,3,89,LIGHT_WALK
9226,2769,0,6457,HOME_WORKOUT
1356,4641,4,-3285,LIGHT_WALK
7055,1045,6,6010,HOME_WORKOUT
9874,12846,4,-2972,HOME_WORKOUT
8539,4144,1,4395,HOME_WORKOUT
14846,4937,7,9909,HOME_WORKOUT
12182,2809,7,9373,HOME_WORKOUT
12691,10206,3,2485,HOME_WORKOUT
12137,1431,2,10706,HOME_WORKOUT
13551,13627,7,-76,RECOVERY_DAY
6657,10051,3,-3394,LIGHT_WALK
4451,7596,3,-3145,LIGHT_WALK
8519,10963,7,-2444,RECOVERY_DAY
12294,6216,5,6078,HOME_WORKOUT
1661,11046,1,-9385,LIGHT_WALK
2987,13586,7,-10599,LIGHT_WALK
1478,3846,3,-2368,LIGHT_WALK
13776,12243,2,1533,HOME_WORKOUT
13459,9105,0,4354,HOME_WORKOUT
4911,1967,0,2944,MODERATE_WALK
9312,2439,5,6873,HOME_WORKOUT
14812,8049,0,6763,HOME_WORKOUT
4439,7819,6,-3380,LIGHT_WALK
7828,7406,0,422,HOME_WORKOUT
10025,12540,1,-2515,HOME_WORKOUT
4727,1538,2,3189,MODERATE_WALK
7573,7885,3,-312,HOME_WORKOUT
12750,7076,3,5674,HOME_WORKOUT
9197,2448,7,6749,HOME_WORKOUT
5506,4671,0,835,MODERATE_WALK
14872,9583,2,5289,HOME_WORKOUT
6178,5498,6,680,MODERATE_WALK
10897,7076,1,3821,HOME_WORKOUT
1482,13758,6,-12276,LIGHT_WALK
8331,6780,4,1551,HOME_WORKOUT
12755,8312,4,4443,HOME_WORKOUT
3292,1953,7,1339,MODERATE_WALK
968,9926,1,-8958,LIGHT_WALK
1836,1874,5,-38,LIGHT_WALK
6372,13487,1,-7115,LIGHT_WALK
13489,5673,6,7816,HOME_WORKOUT
12277,10998,4,1279,HOME_WORKOUT
4194,4218,5,-24,MODERATE_WALK
13723,12317,4,1406,HOME_WORKOUT
12847,11934,4,913,HOME_WORKOUT
10275,9983,0,292,HOME_WORKOUT
14102,4637,1,9465,HOME_WORKOUT
6407,2770,1,3637,MODERATE_WALK
1108,12436,6,-11328,LIGHT_WALK
12848,8691,4,4157,HOME_WORKOUT
2776,1396,4,1380,LIGHT_WALK
1348,1267,6,81,LIGHT_WALK
6640,1939,6,4701,MODERATE_WALK
12421,12665,6,-244,RECOVERY_DAY
8600,2645,6,5955,HOME_WORKOUT
13737,8409,7,5328,HOME_WORKOUT
1253,9212,2,-7959,LIGHT_WALK
3364,3965,7,-601,MODERATE_WALK
2903,6674,6,-3771,LIGHT_WALK
10792,13987,7,-3195,RECOVERY_DAY
9159,4090,1,5069,HOME_WORKOUT
6644,3231,2,3413,MODERATE_WALK
14011,4105,5,9906,HOME_WORKOUT
6239,6940,6,-701,MODERATE_WALK
7311,7798,5,-487,HOME_WORKOUT
2924,11008,7,-8084,LIGHT_WALK
2361,2051,7,310,LIGHT_WALK
8360,12985,0,-4625,HOME_WORKOUT
11707,3681,3,8026,HOME_WORKOUT
3879,13853,2,-9974,LIGHT_WALK
12811,6463,7,6348,HOME_WORKOUT
5078,5864,6,-786,MODERATE_WALK
7392,13202,0,-5810,HOME_WORKOUT
2941,9585,2,-6644,LIGHT_WALK
13981,3970,6,10011,HOME_WORKOUT
8342,13510,6,-5168,RECOVERY_DAY
5000,11033,2,-6033,LIGHT_WALK
7016,10614,6,-3598,RECOVERY_DAY
899,8865,1,-7966,LIGHT_WALK
715,1834,3,-1119,LIGHT_WALK
6898,1635,3,5263,MODERATE_WALK
8159,2325,5,5834,HOME_WORKOUT
8161,10685,5,-2524,RECOVERY_DAY
6363,13530,5,-7167,LIGHT_WALK
5858,6237,0,-379,MODERATE_WALK
9795,6892,5,2903,HOME_WORKOUT
6703,6077,3,626,MODERATE_WALK
10957,9531,5,1426,RECOVERY_DAY
6177,1437,7,4740,MODERATE_WALK
1072,13214,7,-12142,LIGHT_WALK
7642,5792,3,1850,HOME_WORKOUT
5184,4071,0,1113,MODERATE_WALK
9148,9804,0,-656,HOME_WORKOUT
4012,10421,7,-6409,LIGHT_WALK
9804,9689,3,115,HOME_WORKOUT
554,11030,7,-10476,LIGHT_WALK
14656,2177,7,12479,HOME_WORKOUT
2105,8655,6,-6550,LIGHT_WALK
10359,4582,2,5777,HOME_WORKOUT
4476,1199,2,3277,MODERATE_WALK
1591,4332,1,-2741,LIGHT_WALK
13025,7343,0,5682,HOME_WORKOUT
8690,4024,3,4666,HOME_WORKOUT
6358,3420,6,2938,MODERATE_WALK
5936,6943,3,-1007,MODERATE_WALK
3749,6978,0,-3229,LIGHT_WALK
14037,9521,7,4516,RECOVERY_DAY
10083,8272,7,1811,HOME_WORKOUT
5239,2207,0,3032,MODERATE_WALK
9830,3587,5,6243,HOME_WORKOUT
4886,2276,3,2610,MODERATE_WALK
7297,3738,3,3559,HOME_WORKOUT
4179,11480,3,-7301,LIGHT_WALK
5232,11414,5,-6182,LIGHT_WALK
848,7030,6,-6182,LIGHT_WALK
14727,7071,6,7656,HOME_WORKOUT
2074,7929,5,-5855,LIGHT_WALK
12437,7390,2,5047,HOME_WORKOUT
3087,13650,6,-10563,LIGHT_WALK
2898,5386,0,-2488,LIGHT_WALK
3828,8768,4,-4940,LIGHT_WALK
5832,9829,1,-3997,LIGHT_WALK
1815,12208,1,-10393,LIGHT_WALK
719,12297,4,-11578,LIGHT_WALK
2856,9750,5,-6894,LIGHT_WALK
11136,4215,4,6921,HOME_WORKOUT
14656,2113,0,12543,HOME_WORKOUT
7378,4250,6,3128,HOME_WORKOUT
3099,7478,3,-4379,LIGHT_WALK
13379,5270,6,8109,HOME_WORKOUT
3087,5660,2,-2573,LIGHT_WALK
8533,11363,4,-2830,HOME_WORKOUT
2167,5784,4,-3617,LIGHT_WALK
11712,10799,3,913,HOME_WORKOUT
6830,4711,3,2119,MODERATE_WALK
4076,9951,4,-5875,LIGHT_WALK
10633,1546,6,9087,HOME_WORKOUT
5823,1536,1,4287,MODERATE_WALK
6428,12911,4,-6483,LIGHT_WALK
9990,13201,3,-3211,HOME_WORKOUT
8533,6429,2,2104,HOME_WORKOUT
5572,3660,6,1912,MODERATE_WALK
10642,1633,2,9009,HOME_WORKOUT
5526,4842,0,684,MODERATE_WALK
7983,2314,5,5669,HOME_WORKOUT
2506,5565,4,-3059,LIGHT_WALK
8558,5343,7,3215,HOME_WORKOUT
8803,12294,6,-3491,RECOVERY_DAY
500,1663,2,-1163,LIGHT_WALK
6239,4091,4,2148,MODERATE_WALK
7018,6358,5,660,HOME_WORKOUT
13349,12103,3,1246,HOME_WORKOUT
10290,9352,7,938,RECOVERY_DAY
8578,2639,1,5939,HOME_WORKOUT
3295,1045,7,2250,MODERATE_WALK
1321,4197,3,-2876,LIGHT_WALK
12881,12916,3,-35,HOME_WORKOUT
3990,11288,2,-7298,LIGHT_WALK
11510,10938,1,572,HOME_WORKOUT
11076,11752,1,-676,HOME_WORKOUT
7961,4076,7,3885,HOME_WORKOUT
7629,8095,6,-466,HOME_WORKOUT
3785,1884,0,1901,MODERATE_WALK
3116,12246,0,-9130,LIGHT_WALK
8201,13260,2,-5059,HOME_WORKOUT
14736,4821,6,9915,HOME_WORKOUT
3944,2907,3,1037,MODERATE_WALK
11962,10212,0,1750,HOME_WORKOUT
13966,2051,4,11915,HOME_WORKOUT
4777,13300,1,-8523,LIGHT_WALK
12360,9698,7,2662,RECOVERY_DAY
6339,1189,7,5150,MODERATE_WALK
12888,4711,0,8177,HOME_WORKOUT
9828,13680,5,-3852,RECOVERY_DAY
10663,3253,3,7410,HOME_WORKOUT
13107,13815,2,-708,HOME_WORKOUT
3361,1974,6,1387,MODERATE_WALK
2008,9552,1,-7544,LIGHT_WALK
3077,2085,0,992,MODERATE_WALK
8435,11448,1,-3013,HOME_WORKOUT
2708,2390,5,318,LIGHT_WALK
8887,8092,1,795,HOME_WORKOUT
4194,12169,2,-7975,LIGHT_WALK
14539,6722,5,7817,HOME_WORKOUT
10862,1831,1,9031,HOME_WORKOUT
7091,4946,0,2145,HOME_WORKOUT
954,4761,3,-3807,LIGHT_WALK
508,9246,7,-8738,LIGHT_WALK
1248,11942,5,-10694,LIGHT_WALK
2121,11745,6,-9624,LIGHT_WALK
4385,11663,3,-7278,LIGHT_WALK
12101,3330,3,8771,HOME_WORKOUT
9573,7951,3,1622,HOME_WORKOUT
10131,8453,2,1678,HOME_WORKOUT
7542,7770,6,-228,HOME_WORKOUT
7714,9145,4,-1431,HOME_WORKOUT
7287,10386,5,-3099,RECOVERY_DAY
4672,3414,2,1258,MODERATE_WALK
3400,3151,4,249,MODERATE_WALK
11355,6659,0,4696,HOME_WORKOUT
5009,2933,6,2076,MODERATE_WALK
5619,11019,4,-5400,LIGHT_WALK
500,11314,1,-10814,LIGHT_WALK
12354,4893,2,7461,HOME_WORKOUT
1989,12461,5,-10472,LIGHT_WALK
6033,13192,3,-7159,LIGHT_WALK
1098,9708,4,-8610,LIGHT_WALK
13688,10916,6,2772,RECOVERY_DAY
8021,11131,1,-3110,HOME_WORKOUT
12232,2911,3,9321,HOME_WORKOUT
13324,12641,7,683,RECOVERY_DAY
8501,11252,1,-2751,HOME_WORKOUT
9936,8795,2,1141,HOME_WORKOUT
6117,8428,7,-2311,LIGHT_WALK
7154,6185,3,969,HOME_WORKOUT
595,12970,7,-12375,LIGHT_WALK
2179,13876,1,-11697,LIGHT_WALK
5994,6969,5,-975,MODERATE_WALK
2921,9757,6,-6836,LIGHT_WALK
10219,13538,3,-3319,HOME_WORKOUT
8153,11748,7,-3595,RECOVERY_DAY
4268,3099,5,1169,MODERATE_WALK
2059,12592,2,-10533,LIGHT_WALK
8488,1315,4,7173,HOME_WORKOUT
6361,2758,6,3603,MODERATE_WALK
12945,11636,3,1309,HOME_WORKOUT
2775,10157,2,-7382,LIGHT_WALK
5040,8555,6,-3515,LIGHT_WALK
10313,7802,2,2511,HOME_WORKOUT
739,7046,5,-6307,LIGHT_WALK
8155,5937,0,2218,HOME_WORKOUT
10524,11109,7,-585,RECOVERY_DAY
14130,7172,6,6958,HOME_WORKOUT
8683,11659,1,-2976,HOME_WORKOUT
4209,7993,1,-3784,LIGHT_WALK
10543,11757,4,-1214,HOME_WORKOUT
7977,7108,2,869,HOME_WORKOUT
12911,13152,2,-241,HOME_WORKOUT
11181,13991,7,-2810,RECOVERY_DAY
6778,7741,5,-963,MODERATE_WALK
6710,5539,0,1171,MODERATE_WALK
13994,5576,1,8418,HOME_WORKOUT
4630,6544,1,-1914,LIGHT_WALK
7019,7892,5,-873,HOME_WORKOUT
2519,11056,5,-8537,LIGHT_WALK
6609,6484,6,125,MODERATE_WALK
778,2425,6,-1647,LIGHT_WALK
2317,1169,4,1148,LIGHT_WALK
535,9850,6,-9315,LIGHT_WALK
5242,4693,4,549,MODERATE_WALK
2141,11512,3,-9371,LIGHT_WALK
13644,11118,4,2526,HOME_WORKOUT
4381,7032,6,-2651,LIGHT_WALK
9140,11673,3,-2533,HOME_WORKOUT
949,9967,1,-9018,LIGHT_WALK
12288,8942,3,3346,HOME_WORKOUT
7785,5982,5,1803,HOME_WORKOUT
11511,3957,5,7554,HOME_WORKOUT
4026,9016,3,-4990,LIGHT_WALK
1548,10066,1,-8518,LIGHT_WALK
9755,5162,6,4593,HOME_WORKOUT
842,5484,3,-4642,LIGHT_WALK
13840,2387,4,11453,HOME_WORKOUT
5112,7276,4,-2164,LIGHT_WALK
4064,12724,6,-8660,LIGHT_WALK
7893,6694,4,1199,HOME_WORKOUT
12109,5599,1,6510,HOME_WORKOUT
1319,1214,2,105,LIGHT_WALK
1257,4600,6,-3343,LIGHT_WALK
2613,10890,3,-8277,LIGHT_WALK
11938,10244,7,1694,RECOVERY_DAY
7366,2555,1,4811,HOME_WORKOUT
12600,1871,1,10729,HOME_WORKOUT
5771,10882,1,-5111,LIGHT_WALK
9337,12023,3,-2686,HOME_WORKOUT
9079,12927,7,-3848,RECOVERY_DAY
9135,12323,1,-3188,HOME_WORKOUT
1589,4231,0,-2642,LIGHT_WALK
2632,3416,0,-784,LIGHT_WALK
11743,10986,2,757,HOME_WORKOUT
6825,1633,3,5192,MODERATE_WALK
13930,12074,4,1856,HOME_WORKOUT
6781,13229,2,-6448,LIGHT_WALK
12598,5437,3,7161,HOME_WORKOUT
1507,1904,5,-397,LIGHT_WALK
1122,12705,7,-11583,LIGHT_WALK
7687,5600,5,2087,HOME_WORKOUT
14614,5703,5,8911,HOME_WORKOUT
14189,11263,2,2926,HOME_WORKOUT
4887,2964,0,1923,MODERATE_WALK
6365,5400,1,965,MODERATE_WALK
14409,8904,5,5505,HOME_WORKOUT
2953,3309,0,-356,LIGHT_WALK
6750,3676,0,3074,MODERATE_WALK
11020,8369,2,2651,HOME_WORKOUT
11048,1836,3,9212,HOME_WORKOUT
13989,2489,3,11500,HOME_WORKOUT
5947,11544,7,-5597,LIGHT_WALK
3303,2630,0,673,MODERATE_WALK
8958,9932,6,-974,RECOVERY_DAY
3497,11875,2,-8378,LIGHT_WALK
10162,7485,4,2677,HOME_WORKOUT
10211,8307,1,1904,HOME_WORKOUT
10006,13279,6,-3273,RECOVERY_DAY
1400,6701,1,-5301,LIGHT_WALK
9275,5182,1,4093,HOME_WORKOUT
799,13874,4,-13075,LIGHT_WALK
7056,13870,1,-6814,HOME_WORKOUT
811,5008,5,-4197,LIGHT_WALK
8982,3109,0,5873,HOME_WORKOUT
10948,10655,0,293,HOME_WORKOUT
13522,1409,2,12113,HOME_WORKOUT
9570,8217,4,1353,HOME_WORKOUT
6124,4689,2,1435,MODERATE_WALK
9937,8642,7,1295,HOME_WORKOUT
7736,6415,2,1321,HOME_WORKOUT
6658,8228,3,-1570,LIGHT_WALK
5472,6938,6,-1466,MODERATE_WALK
14470,12471,0,1999,HOME_WORKOUT
11265,1300,5,9965,HOME_WORKOUT
13867,6790,0,7077,HOME_WORKOUT
10920,5685,1,5235,HOME_WORKOUT
12135,6558,0,5577,HOME_WORKOUT
4440,6816,5,-2376,LIGHT_WALK
14949,12987,0,1962,HOME_WORKOUT
14088,13440,7,648,RECOVERY_DAY
6512,13698,7,-7186,LIGHT_WALK
9976,8692,7,1284,HOME_WORKOUT
7396,3528,2,3868,HOME_WORKOUT
12110,5515,6,6595,HOME_WORKOUT
6111,7711,7,-1600,LIGHT_WALK
12106,9762,4,2344,HOME_WORKOUT
9384,7948,3,1436,HOME_WORKOUT
13641,11060,5,2581,RECOVERY_DAY
1955,13767,2,-11812,LIGHT_WALK
2043,9940,7,-7897,LIGHT_WALK
1734,3823,3,-2089,LIGHT_WALK
10055,2900,5,7155,HOME_WORKOUT
5706,3892,4,1814,MODERATE_WALK
8429,13162,7,-4733,RECOVERY_DAY
6306,1599,1,4707,MODERATE_WALK
8420,13826,7,-5406,RECOVERY_DAY
10301,12019,4,-1718,HOME_WORKOUT
13197,1632,4,11565,HOME_WORKOUT
13718,2125,6,11593,HOME_WORKOUT
4515,9934,1,-5419,LIGHT_WALK
4233,6529,2,-2296,LIGHT_WALK
12726,12860,2,-134,HOME_WORKOUT
14890,9996,4,4894,HOME_WORKOUT
1249,3511,0,-2262,LIGHT_WALK
14253,3913,2,10340,HOME_WORKOUT
14150,6913,4,7237,HOME_WORKOUT
13363,9850,7,3513,RECOVERY_DAY
804,4742,6,-3938,LIGHT_WALK
1449,2261,3,-812,LIGHT_WALK
14692,12594,6,2098,RECOVERY_DAY
11352,10463,1,889,HOME_WORKOUT
5017,11835,3,-6818,LIGHT_WALK
1272,13033,5,-11761,LIGHT_WALK
1939,11331,2,-9392,LIGHT_WALK
3579,13371,0,-9792,LIGHT_WALK
8374,8633,1,-259,HOME_WORKOUT
9840,3736,3,6104,HOME_WORKOUT
792,4543,1,-3751,LIGHT_WALK
8471,12666,5,-4195,RECOVERY_DAY
11342,5238,6,6104,HOME_WORKOUT
4501,4115,6,386,MODERATE_WALK
9605,11008,3,-1403,HOME_WORKOUT
8305,1309,0,6996,HOME_WORKOUT
10696,9567,5,1129,RECOVERY_DAY
3198,11333,4,-8135,LIGHT_WALK
4896,9692,2,-4796,LIGHT_WALK
5826,10300,3,-4474,LIGHT_WALK
13888,4816,5,9072,HOME_WORKOUT
3606,4509,3,-903,MODERATE_WALK
12576,5608,6,6968,HOME_WORKOUT
14127,1081,5,13046,HOME_WORKOUT
12062,11934,5,128,RECOVERY_DAY
506,7540,2,-7034,LIGHT_WALK
5847,6278,5,-431,MODERATE_WALK
2762,1539,3,1223,LIGHT_WALK
2787,2313,4,474,LIGHT_WALK
10015,1335,7,8680,HOME_WORKOUT
6081,10444,7,-4363,LIGHT_WALK
2604,3546,4,-942,LIGHT_WALK
6000,10833,5,-4833,LIGHT_WALK
4138,8170,6,-4032,LIGHT_WALK
7079,6611,0,468,HOME_WORKOUT
8032,6613,6,1419,HOME_WORKOUT
14380,9248,0,5132,HOME_WORKOUT
10137,9357,3,780,HOME_WORKOUT
10548,10299,2,249,HOME_WORKOUT
2342,11791,7,-9449,LIGHT_WALK
11593,12679,5,-1086,RECOVERY_DAY
14638,1788,1,12850,HOME_WORKOUT
3698,12722,4,-9024,LIGHT_WALK
4307,11182,2,-6875,LIGHT_WALK
1950,11795,6,-9845,LIGHT_WALK
4667,11608,3,-6941,LIGHT_WALK
4950,8634,5,-3684,LIGHT_WALK
8711,10205,1,-1494,HOME_WORKOUT
4860,11655,4,-6795,LIGHT_WALK
6548,6399,1,149,MODERATE_WALK
8340,1309,0,7031,HOME_WORKOUT
13600,2509,1,11091,HOME_WORKOUT
3289,11506,4,-8217,LIGHT_WALK
2987,9127,4,-6140,LIGHT_WALK
9307,2745,6,6562,HOME_WORKOUT
5455,1782,5,3673,MODERATE_WALK
2299,7772,2,-5473,LIGHT_WALK
5381,3832,7,1549,MODERATE_WALK
6456,5155,7,1301,MODERATE_WALK
12424,6972,6,5452,HOME_WORKOUT
8109,12681,7,-4572,RECOVERY_DAY
4422,10286,4,-5864,LIGHT_WALK
3291,7044,4,-3753,LIGHT_WALK
6896,6495,0,401,MODERATE_WALK
11730,13088,1,-1358,HOME_WORKOUT
9669,12155,4,-2486,HOME_WORKOUT
11306,1869,0,9437,HOME_WORKOUT
980,5770,0,-4790,LIGHT_WALK
11625,11586,1,39,HOME_WORKOUT
5227,8398,2,-3171,LIGHT_WALK
1546,10436,6,-8890,LIGHT_WALK
9865,8059,3,1806,HOME_WORKOUT
11018,10601,6,417,RECOVERY_DAY
7308,4642,4,2666,HOME_WORKOUT
2218,5141,4,-2923,LIGHT_WALK
8991,7912,2,1079,HOME_WORKOUT
12112,13561,1,-1449,HOME_WORKOUT
3145,11058,1,-7913,LIGHT_WALK
4035,8818,3,-4783,LIGHT_WALK
13312,10146,7,3166,RECOVERY_DAY
7617,1011,6,6606,HOME_WORKOUT
5562,9041,2,-3479,LIGHT_WALK
3255,12928,3,-9673,LIGHT_WALK
10112,7312,5,2800,HOME_WORKOUT
13514,5343,3,8171,HOME_WORKOUT
3803,12097,1,-8294,LIGHT_WALK
10703,13080,0,-2377,HOME_WORKOUT
8392,4371,5,4021,HOME_WORKOUT
1433,13504,7,-12071,LIGHT_WALK
3967,9457,6,-5490,LIGHT_WALK
2103,8669,7,-6566,LIGHT_WALK
11112,7495,0,3617,HOME_WORKOUT
10509,11044,5,-535,RECOVERY_DAY
5163,10976,4,-5813,LIGHT_WALK
509,1538,3,-1029,LIGHT_WALK
11057,5122,4,5935,HOME_WORKOUT
8275,13269,4,-4994,HOME_WORKOUT
1544,9061,2,-7517,LIGHT_WALK
2401,3723,2,-1322,LIGHT_WALK
10884,3509,1,7375,HOME_WORKOUT
10487,5037,6,5450,HOME_WORKOUT
10990,5653,0,5337,HOME_WORKOUT
8771,6138,7,2633,HOME_WORKOUT
7077,8622,3,-1545,HOME_WORKOUT
1134,9244,1,-8110,LIGHT_WALK
3094,12069,6,-8975,LIGHT_WALK
3563,9211,3,-5648,LIGHT_WALK
3368,3140,4,228,MODERATE_WALK
12311,2566,1,9745,HOME_WORKOUT
12009,6380,7,5629,HOME_WORKOUT
4699,8170,5,-3471,LIGHT_WALK
13004,1951,7,11053,HOME_WORKOUT
6476,1460,2,5016,MODERATE_WALK
11606,2331,2,9275,HOME_WORKOUT
14053,9006,6,5047,RECOVERY_DAY
9785,3113,0,6672,HOME_WORKOUT
7820,13901,1,-6081,HOME_WORKOUT
8790,13778,6,-4988,RECOVERY_DAY
6497,10573,4,-4076,LIGHT_WALK
10460,5453,1,5007,HOME_WORKOUT
6262,6016,1,246,MODERATE_WALK
14229,5604,7,8625,HOME_WORKOUT
8273,9047,7,-774,RECOVERY_DAY
7354,1071,5,6283,HOME_WORKOUT
3411,6237,7,-2826,LIGHT_WALK
3897,5811,1,-1914,LIGHT_WALK
10631,6002,0,4629,HOME_WORKOUT
1746,10418,0,-8672,LIGHT_WALK
8904,3090,1,5814,HOME_WORKOUT
5393,4114,6,1279,MODERATE_WALK
11166,2567,3,8599,HOME_WORKOUT
2306,2916,5,-610,LIGHT_WALK
7001,8133,3,-1132,HOME_WORKOUT
2047,4922,6,-2875,LIGHT_WALK
9857,2218,7,7639,HOME_WORKOUT
11216,4631,5,6585,HOME_WORKOUT
14187,13515,1,672,HOME_WORKOUT
9421,4989,6,4432,HOME_WORKOUT
10812,7016,6,3796,HOME_WORKOUT
13694,2244,3,11450,HOME_WORKOUT
5523,11746,5,-6223,LIGHT_WALK
12424,3901,4,8523,HOME_WORKOUT
4585,11668,5,-7083,LIGHT_WALK
1563,8327,3,-6764,LIGHT_WALK
4770,1127,4,3643,MODERATE_WALK
6867,1543,3,5324,MODERATE_WALK
1785,5883,7,-4098,LIGHT_WALK
13625,13635,1,-10,HOME_WORKOUT
4953,1409,6,3544,MODERATE_WALK
8013,9983,4,-1970,HOME_WORKOUT
5200,2546,5,2654,MODERATE_WALK
7194,9314,2,-2120,HOME_WORKOUT
11931,8582,1,3349,HOME_WORKOUT
13845,9526,0,4319,HOME_WORKOUT
5470,7393,7,-1923,LIGHT_WALK
6897,11924,7,-5027,LIGHT_WALK
3220,5487,4,-2267,LIGHT_WALK
13515,6566,7,6949,HOME_WORKOUT
4776,12982,7,-8206,LIGHT_WALK
13865,3358,7,10507,HOME_WORKOUT
10430,4003,4,6427,HOME_WORKOUT
11669,5026,2,6643,HOME_WORKOUT
11037,5122,5,5915,HOME_WORKOUT
2598,12165,1,-9567,LIGHT_WALK
6846,1809,0,5037,MODERATE_WALK
2780,3614,5,-834,LIGHT_WALK
4689,2703,4,1986,MODERATE_WALK
5623,10930,2,-5307,LIGHT_WALK
1552,1924,5,-372,LIGHT_WALK
5129,13733,5,-8604,LIGHT_WALK
5134,3287,0,1847,MODERATE_WALK
768,11871,2,-11103,LIGHT_WALK
12209,7276,2,4933,HOME_WORKOUT
2824,13047,5,-10223,LIGHT_WALK
8235,1810,0,6425,HOME_WORKOUT
11784,8443,1,3341,HOME_WORKOUT
13268,7727,1,5541,HOME_WORKOUT
7001,4022,3,2979,HOME_WORKOUT
3519,4288,7,-769,MODERATE_WALK
7617,6176,0,1441,HOME_WORKOUT
9780,13240,6,-3460,RECOVERY_DAY
11464,1055,7,10409,HOME_WORKOUT
10761,2239,1,8522,HOME_WORKOUT
4083,4266,2,-183,MODERATE_WALK
10537,7739,0,2798,HOME_WORKOUT
5469,13586,7,-8117,LIGHT_WALK
4388,11974,3,-7586,LIGHT_WALK
4353,1769,1,2584,MODERATE_WALK
5818,2107,4,3711,MODERATE_WALK
10401,4776,6,5625,HOME_WORKOUT
14502,12213,0,2289,HOME_WORKOUT
14016,5510,1,8506,HOME_WORKOUT
13171,7459,1,5712,HOME_WORKOUT
10423,4296,7,6127,HOME_WORKOUT
1953,2866,0,-913,LIGHT_WALK
8653,10404,7,-1751,RECOVERY_DAY
11997,7587,6,4410,HOME_WORKOUT
4914,9174,1,-4260,LIGHT_WALK
3517,1847,7,1670,MODERATE_WALK
7388,3537,1,3851,HOME_WORKOUT
11226,5449,0,5777,HOME_WORKOUT
7067,4999,3,2068,HOME_WORKOUT
1301,2836,4,-1535,LIGHT_WALK
1815,6692,1,-4877,LIGHT_WALK
11659,3330,5,8329,HOME_WORKOUT
4365,3898,7,467,MODERATE_WALK
5498,12635,3,-7137,LIGHT_WALK
13291,7022,6,6269,HOME_WORKOUT
953,3418,5,-2465,LIGHT_WALK
9987,3734,1,6253,HOME_WORKOUT
11308,12604,7,-1296,RECOVERY_DAY
1484,10366,4,-8882,LIGHT_WALK
14720,4354,1,10366,HOME_WORKOUT
11776,6338,6,5438,HOME_WORKOUT
13522,2980,1,10542,HOME_WORKOUT
4601,13228,5,-8627,LIGHT_WALK
10747,1003,6,9744,HOME_WORKOUT
9390,6994,3,2396,HOME_WORKOUT
5027,1948,4,3079,MODERATE_WALK
6630,7915,5,-1285,MODERATE_WALK
13702,4894,2,8808,HOME_WORKOUT
2356,13289,1,-10933,LIGHT_WALK
3561,4472,7,-911,MODERATE_WALK
3852,9206,1,-5354,LIGHT_WALK
5624,12208,4,-6584,LIGHT_WALK
1750,2346,4,-596,LIGHT_WALK
9846,13212,0,-3366,HOME_WORKOUT
12237,2428,0,9809,HOME_WORKOUT
11726,9306,4,2420,HOME_WORKOUT
8062,11897,6,-3835,RECOVERY_DAY
3129,10970,0,-7841,LIGHT_WALK
13466,12322,4,1144,HOME_WORKOUT
5834,8081,5,-2247,LIGHT_WALK
3604,6350,4,-2746,LIGHT_WALK
2712,1832,6,880,LIGHT_WALK
13737,6339,1,7398,HOME_WORKOUT
12791,1253,0,11538,HOME_WORKOUT
1415,9677,7,-8262,LIGHT_WALK
5535,12130,1,-6595,LIGHT_WALK
8934,10085,1,-1151,HOME_WORKOUT
1122,3624,0,-2502,LIGHT_WALK
7823,6547,2,1276,HOME_WORKOUT
7677,10007,4,-2330,HOME_WORKOUT
1619,4307,1,-2688,LIGHT_WALK
7371,1020,0,6351,HOME_WORKOUT
6763,12229,7,-5466,LIGHT_WALK
8987,5007,1,3980,HOME_WORKOUT
10596,5620,5,4976,HOME_WORKOUT
4073,3307,5,766,MODERATE_WALK
13775,7319,6,6456,HOME_WORKOUT
1707,9223,5,-7516,LIGHT_WALK
6200,10272,2,-4072,LIGHT_WALK
2398,12415,0,-10017,LIGHT_WALK
1016,4568,4,-3552,LIGHT_WALK
3370,6056,1,-2686,LIGHT_WALK
8530,1095,6,7435,HOME_WORKOUT
14587,13345,2,1242,HOME_WORKOUT
10395,6790,0,3605,HOME_WORKOUT
8480,7839,4,641,HOME_WORKOUT
7631,11546,4,-3915,HOME_WORKOUT
13191,7023,4,6168,HOME_WORKOUT
2019,7994,2,-5975,LIGHT_WALK
14707,2708,4,11999,HOME_WORKOUT
14820,1407,1,13413,HOME_WORKOUT
4744,13018,2,-8274,LIGHT_WALK
2865,9882,4,-7017,LIGHT_WALK
4100,11073,2,-6973,LIGHT_WALK
8262,1793,0,6469,HOME_WORKOUT
4887,7217,1,-2330,LIGHT_WALK
4073,10547,5,-6474,LIGHT_WALK
8699,3113,1,5586,HOME_WORKOUT
2584,12499,7,-9915,LIGHT_WALK
10740,11035,6,-295,RECOVERY_DAY
4391,11312,0,-6921,LIGHT_WALK
12518,8487,5,4031,HOME_WORKOUT
3115,4394,5,-1279,MODERATE_WALK
2126,13087,0,-10961,LIGHT_WALK
5472,5622,0,-150,MODERATE_WALK
14010,1814,0,12196,HOME_WORKOUT
12028,13062,0,-1034,HOME_WORKOUT
11334,10070,3,1264,HOME_WORKOUT
5982,13125,3,-7143,LIGHT_WALK
3776,7960,2,-4184,LIGHT_WALK
11858,11476,2,382,HOME_WORKOUT
2298,11831,3,-9533,LIGHT_WALK
4220,12097,3,-7877,LIGHT_WALK
1968,10921,7,-8953,LIGHT_WALK
6667,13600,1,-6933,LIGHT_WALK
14418,12759,6,1659,RECOVERY_DAY
8815,9073,1,-258,HOME_WORKOUT
7470,7456,1,14,HOME_WORKOUT
895,13806,0,-12911,LIGHT_WALK
4768,1359,0,3409,MODERATE_WALK
12724,11870,3,854,HOME_WORKOUT
1912,1710,2,202,LIGHT_WALK
6885,10510,4,-3625,LIGHT_WALK
6063,3571,0,2492,MODERATE_WALK
8579,13432,0,-4853,HOME_WORKOUT
10359,2266,0,8093,HOME_WORKOUT
9652,1378,5,8274,HOME_WORKOUT
1126,6053,7,-4927,LIGHT_WALK
14093,13326,7,767,RECOVERY_DAY
6053,7292,3,-1239,MODERATE_WALK
10937,11272,0,-335,HOME_WORKOUT
6822,7685,3,-863,MODERATE_WALK
2169,9756,0,-7587,LIGHT_WALK
8741,4890,1,3851,HOME_WORKOUT
851,9441,4,-8590,LIGHT_WALK
7673,5788,7,1885,HOME_WORKOUT
2350,10903,0,-8553,LIGHT_WALK
13400,10157,4,3243,HOME_WORKOUT
577,2764,4,-2187,LIGHT_WALK
5430,3254,0,2176,MODERATE_WALK
546,6779,0,-6233,LIGHT_WALK
2528,2882,7,-354,LIGHT_WALK
1362,5966,6,-4604,LIGHT_WALK
12501,8084,5,4417,HOME_WORKOUT
9461,2667,0,6794,HOME_WORKOUT
6454,7561,1,-1107,MODERATE_WALK
14192,12703,4,1489,HOME_WORKOUT
14033,5370,2,8663,HOME_WORKOUT
9764,13580,5,-3816,RECOVERY_DAY
8452,10895,3,-2443,HOME_WORKOUT
6569,5229,4,1340,MODERATE_WALK
4704,4004,2,700,MODERATE_WALK
11256,10286,4,970,HOME_WORKOUT
10094,8338,5,1756,HOME_WORKOUT
6911,13161,6,-6250,LIGHT_WALK
13359,5551,1,7808,HOME_WORKOUT
7165,10406,2,-3241,HOME_WORKOUT
12002,9762,7,2240,RECOVERY_DAY
12675,6042,3,6633,HOME_WORKOUT
5683,6528,7,-845,MODERATE_WALK
505,5902,1,-5397,LIGHT_WALK
12946,9473,2,3473,HOME_WORKOUT
7164,13631,7,-6467,RECOVERY_DAY
5777,1868,3,3909,MODERATE_WALK
14224,4588,3,9636,HOME_WORKOUT
614,7027,5,-6413,LIGHT_WALK
14150,3054,7,11096,HOME_WORKOUT
13827,3936,0,9891,HOME_WORKOUT
7525,13587,7,-6062,RECOVERY_DAY
6200,10592,6,-4392,LIGHT_WALK
14960,5476,1,9484,HOME_WORKOUT
8237,1289,3,6948,HOME_WORKOUT
12849,8642,3,4207,HOME_WORKOUT
1035,4987,5,-3952,LIGHT_WALK
12147,4991,7,7156,HOME_WORKOUT
11509,7275,2,4234,HOME_WORKOUT
6086,8556,6,-2470,LIGHT_WALK
10029,11049,2,-1020,HOME_WORKOUT
13732,10648,3,3084,HOME_WORKOUT
14419,12857,5,1562,RECOVERY_DAY
5445,10761,5,-5316,LIGHT_WALK
8196,8353,5,-157,HOME_WORKOUT
5580,11971,0,-6391,LIGHT_WALK
3479,2323,0,1156,MODERATE_WALK
5046,11803,6,-6757,LIGHT_WALK
7618,12202,3,-4584,HOME_WORKOUT
8155,3457,6,4698,HOME_WORKOUT
4608,3934,1,674,MODERATE_WALK
8290,9164,1,-874,HOME_WORKOUT
3394,12076,4,-8682,LIGHT_WALK
6698,7505,5,-807,MODERATE_WALK
1936,13559,0,-11623,LIGHT_WALK
13622,13136,1,486,HOME_WORKOUT
13339,10519,4,2820,HOME_WORKOUT
12611,11231,2,1380,HOME_WORKOUT
14205,1991,3,12214,HOME_WORKOUT
14650,5669,2,8981,HOME_WORKOUT
1608,9933,0,-8325,LIGHT_WALK
10553,9097,4,1456,HOME_WORKOUT
9250,4714,7,4536,HOME_WORKOUT
13260,11473,4,1787,HOME_WORKOUT
3150,8823,0,-5673,LIGHT_WALK
6528,8015,0,-1487,MODERATE_WALK
10563,4927,3,5636,HOME_WORKOUT
7034,5146,2,1888,HOME_WORKOUT
7052,3189,7,3863,HOME_WORKOUT
10371,13276,7,-2905,RECOVERY_DAY
820,11171,7,-10351,LIGHT_WALK
1689,12415,2,-10726,LIGHT_WALK
1411,10195,5,-8784,LIGHT_WALK
2452,9471,4,-7019,LIGHT_WALK
10996,10352,1,644,HOME_WORKOUT
14415,4146,2,10269,HOME_WORKOUT
4953,5726,1,-773,MODERATE_WALK
10968,10768,7,200,RECOVERY_DAY
11108,10803,4,305,HOME_WORKOUT
3136,9431,5,-6295,LIGHT_WALK
6198,5141,6,1057,MODERATE_WALK
634,2603,6,-1969,LIGHT_WALK
2506,8268,7,-5762,LIGHT_WALK
8582,9712,3,-1130,HOME_WORKOUT
4994,13062,3,-8068,LIGHT_WALK
3389,9940,5,-6551,LIGHT_WALK
1537,2370,2,-833,LIGHT_WALK
1651,3308,3,-1657,LIGHT_WALK
1975,12594,6,-10619,LIGHT_WALK
13545,5639,4,7906,HOME_WORKOUT
14520,7549,6,6971,HOME_WORKOUT
10991,11198,0,-207,HOME_WORKOUT
12075,1646,5,10429,HOME_WORKOUT
12452,13404,7,-952,RECOVERY_DAY
1287,5301,3,-4014,LIGHT_WALK
2212,3455,6,-1243,LIGHT_WALK
2481,11553,7,-9072,LIGHT_WALK
1498,10753,2,-9255,LIGHT_WALK
7157,3965,2,3192,HOME_WORKOUT
13119,1362,4,11757,HOME_WORKOUT
8211,4591,2,3620,HOME_WORKOUT
10483,4979,1,5504,HOME_WORKOUT
14639,5066,2,9573,HOME_WORKOUT
11696,6633,3,5063,HOME_WORKOUT
9050,12361,7,-3311,RECOVERY_DAY
2542,5366,6,-2824,LIGHT_WALK
5835,4856,3,979,MODERATE_WALK
8863,13007,7,-4144,RECOVERY_DAY
4366,4336,4,30,MODERATE_WALK
9092,6597,1,2495,HOME_WORKOUT
11977,6206,0,5771,HOME_WORKOUT
10161,3566,4,6595,HOME_WORKOUT
6152,7195,2,-1043,MODERATE_WALK
3520,4909,1,-1389,MODERATE_WALK
5666,1128,6,4538,MODERATE_WALK
11423,1635,1,9788,HOME_WORKOUT
2978,12443,4,-9465,LIGHT_WALK
5058,1544,7,3514,MODERATE_WALK
4130,10931,0,-6801,LIGHT_WALK
3720,8046,6,-4326,LIGHT_WALK
13897,10510,7,3387,RECOVERY_DAY
12938,9517,7,3421,RECOVERY_DAY
12131,10798,4,1333,HOME_WORKOUT
3408,9540,5,-6132,LIGHT_WALK
1586,13438,3,-11852,LIGHT_WALK
9298,11717,0,-2419,HOME_WORKOUT
14837,8347,3,6490,HOME_WORKOUT
12684,1442,2,11242,HOME_WORKOUT
2802,6878,4,-4076,LIGHT_WALK
741,3505,5,-2764,LIGHT_WALK
8601,13241,6,-4640,RECOVERY_DAY
10687,12917,6,-2230,RECOVERY_DAY
9228,13013,4,-3785,HOME_WORKOUT
